EDRPOU,Name,Address,Contacts,KOATUU,Wastes_pzuv, Wastes_tonnes,amount_I,amount_II,amount_III,amount_IV
38316777,"ТзОВ ""Альянс Маркет""","03186, м. Київ, вул. Соціалістична, буд. 5, корпус 2",//03244/ 3-99-9,4610136600,13106.9,3524.470500000001,1.9004999999999999,0.0,1.6700000000000004,3520.8999999999996
31570412,"АТ ""Укртранснафта"" ЛВДС ""Броди""","01010, м. Київ, вул. Московська, 32/2",/0326634362,4620386401,8511.299,1307.0911999999998,0.3236,8.07,31.828599999999998,1266.8690000000001
25560823,"ПАТ ""Укртрансгаз"" філія УМГ ""Львівтрансгаз"" Угерське ВВРіСП","01021, м. Київ, узвіз Кловський, 9/1",soroka-yn@utg.ua/0324588221,4611200000,8485.107,281.77200000000005,0.474,11.691,0.0,269.60699999999997
35519082,"ТОВ ""ГЛАС ТРЬОШ КИЇВ""","м. Київ, Оболонський р-н., вул. Лебединська, 4",/0445946776,4610137500,8059.076,6587.509,0.29300000000000004,0.0,0.14,6587.076
03187714,Львівське казенне експериментальне підприємство засобів пересування і протезування,"79052, м. Львів, вул. Рудненська, 10",office@protez.com.ua/0322676845,4610136300,7721.120000000001,446.176,1.056,4.0,0.0,441.11999999999995
00153133,"АТ ""Укртрансгаз"" філія УМГ ""Прикарпаттрансгаз"" Бібрське ЛВУМГ Комарнівський проммайданчик","01021, м. Київ, Узвіз Кловський, 9/1",/23143290,4600000000,7156.619000000001,434.83939999999996,0.8594,4.861,0.0,429.119
22338461,"КЗ ЛОР ""Підкамінська спеціальна загальноосвітня школа-інтернат I-III ступенів з поглибленою професійною підготовкою""","80670, Львівська обл., Бродівський р-н., смт. Підкамінь, вул. Незалежності, 53",/0679671481,4620355400,6440.0,1041.08,1.08,0.0,0.0,1040.0
00142800,"Управління нафтопромислового сервісу ПАТ ""Укрнафта"" (Бориславська дільниця)","04053, м. Київ, провулок Несторівський, 3-5",nadiia.tymkiv@ukrnafta.com/0347725374,4610300000,6316.719999999999,314.106,0.025000000000000005,11.612,1.699,300.77
31895961,"ТзОВ ""Об'єднана мода України""","79066, м. Львів, вул. Вулецька, 14",/067505264,4610136800,6044.6669999999995,1271.8020000000001,0.7130000000000001,2.422,0.0,1268.667
33775566,"ТОВ ""Технокап УА""","80356, Львівська обл., Жовківський р-н., с. Сопошин, вул. Вокзальна, 18",/25222305,4622788800,5883.1,4633.905,0.18,0.545,1.58,4631.6
22331884,"СП ""Галка Лтд""","79019, м. Львів, вул. Заповітна, 1",/2409167,4610137500,5833.2,5134.06,0.060000000000000005,0.7999999999999999,0.0,5133.2
00156630,"ПАТ ""Укртрансгаз"" БМУ--8 Фірми ""Укргазпромбуд""","01021, м. Київ, Узвіз Кловський, 9/1",/0324558491,4625388400,5688.67,578.657,0.036000000000000004,9.736,1.4649999999999999,567.42
20760948,"МРЦ МВС України ""Перлина Прикарпаття""","82200, Львівська обл., м. Трускавець, вул. С. Бандери, 71",/0000000,4611500000,5642.15,776.096,0.936,0.36,0.15000000000000002,774.65
01267395,"ТДВ ""Червоноградський завод металоконструкцій""",м. Червоноград вул. Львівська 53,kseniabkb@ukr.net/0953565709,4611800000,5572.638,2824.7529999999997,0.455,0.0,9.66,2814.638
00278793,"ПАТ ""Картонно-паперова компанія""","79024, м. Львів, вул. Ковельська, 109",/0000000,4610137500,5570.82,2882.528,0.40800000000000003,1.3,0.0,2880.8199999999997
22347313,"ПрАТ СГК ""Дніпро-Бескид""","ЛЬвівська обл., м. Трускавець, вул. Дрогобицька, 33",/0324766191,4611500000,5491.0,2402.32,0.5399999999999999,0.78,0.0,2401.0
39306005,"ТОВ ""СУКП ""Укрлісхолдинг""","82042, Львівська обл., Старосамбірський р-н., м. Добромиль, вул. Галицька, 92/2",/0672823123,4625110300,5445.54,5445.54,0.0,0.0,0.0,5445.54
37059699,"ТзОВ ""Євро-Комерс""","80100, Львівська обл., м. Червоноград, вул. Львівська, 19",/032494900,4611800000,5429.24,4237.4154,0.0044,2.3360000000000003,0.085,4234.99
30648854,"ТзОВ ""Снєжка-Україна""","81000, Львівська обл., м. Яворів, вул. Привокзальна, 1А",/03225978151,4625810100,5317.464,707.4342,0.1392,4.851,30.480000000000004,671.9639999999999
31754918,"ТзОВ ""Факро Орбіта""","81050, Львівська обл., Яворівський р-н., смт. Шкло, вул. Сагайдачного, 48",Sekretariat@orbita-szklo.com.ua/0325971220,4625856500,5198.5115,3668.8175,0.306,0.0,0.0,3668.5115
23269489,"ТзОВ НВП ""Сіріон""","79039, м. Львів, вул. Золота, 10А/4",/0322445134,4610137500,5028.7426000000005,1705.5893999999998,0.07350000000000001,5.9233,0.0,1699.5926
33797665,"ТОВ ""Діскаве - бурове обладнання Україна""","82400, Львівська обл., м. Стрий, вул. Яворницького, 41",mykola.kuchak@discoveryde.com/7-70-41,4611200000,4900.676,2527.4290000000005,0.235,2.008,4.01,2521.176
35413712,"ТОВ ""Кен-Пак Яворів""","81000, Львівська обл., м. Яворів, вул. Маковея, буд. 62",nzhurba@canpack.com.ua/+380673100766,4625800000,4633.83,3412.2806,0.1106,1.3400000000000003,0.0,3410.83
05434134,"Товариство з додатковою відповідальністю ""Миколаївцемремонт""","81600, Львівська обл., м. Миколаїв, вул. Стрийське шосе, 3",mykolayivtsemrem@ukr.net/0976949775,4623010100,4542.982,3780.4694999999997,0.0045000000000000005,1.483,0.0,3778.982
02007101,"КНП ЛОР ""Західноукраїнський спеціалізований дитячий медичний центр""","м. Львів, вул. Дністерська, 27",/0322703479,4610136800,4438.3369999999995,897.3435000000001,0.5565,0.9299999999999999,6.02,889.837
33182883,"Приватне акціонерне товариство "" Роздільський керамічний завод""","81650 Львівська область , Миколаївський район, смт. Розділ , вул Промисова 3",radely@ukr.net/0671113119,4623055400,4417.379999999999,651.4952000000001,0.2182,5.356999999999999,0.04,645.8800000000001
30823262,"ТзОВ ""Львівська ізоляторна компанія""","79066, м. Львів, вул. Зелена, 301",vmamchak@lic.ua/0504367829,4610136600,4407.92,430.75,0.5700000000000001,2.26,0.0,427.91999999999996
31148107,ПАФ ім. М. Шашкевича,"80252, Львівська обл., Радехівський р-н., с. Вузлове, вул. Львівська, 14",/0325531149,4623987201,4399.061,87.70100000000001,0.0,8.64,0.0,79.061
33465109,"ДП ""Амбієнте Ферніче Україна""","80431, Львівська обл., Кам9янка-Бузький р-н., с. Колоденці, вул. І. Франка, 11а",/0322970597,4622183304,4357.99,1359.0800999999997,0.5901,0.0,1.0,1357.49
33469695,"ТзОВ ""Вінал Агро""","81750, Львівська обл., Жидачівський р-н., м. Ходорів, вул. Шевченка, 132",/0323952030,4621510500,4292.491,340.18,0.009000000000000001,7.520000000000001,3.16,329.491
39224567,"ТзОВ ""ЛЬВІВПАБ""","79008, м. Львів, вул. Римлянина, буд. 1",/0000000,4610137200,4278.73,1150.4285,0.2885,0.0,34.41,1115.73
30583064,"ДП ""СОРЕНС І ХААР"" ДК ""КОНЦЕПТ ПАРТНЕРС""","79039, м. Львів, вул. Шевченка, 134",/0000000,4610137500,4271.204,332.7257,0.4857000000000001,3.026,0.01,329.20400000000006
22351881,"ТзОВ ""Жидачівське заводоуправління цегельних заводів""","81700, Львівська обл., Жидачівський р-н., м. Жидачів, вул. Заводська, 2",/0323931506,4621510100,4230.976000000001,2746.3425,0.0675,2.2989999999999995,0.0,2743.976
05468127,"ПАТ ""Стрийська швейна фабрика ""Стрітекс""","82400, Львівська обл., м. Стрий, вул. Новаківського, 5",/024552104,4600000000,4102.5,903.1400000000001,0.6399999999999999,0.0,0.0,902.5
19326017,Львівський РСП Украероруху,"79040, м.Львів, вул.Любінська, 217",a-test@ukr.net/(032)297-21-1,4610136300,4100.8164,478.251,0.3798,3.4548000000000005,0.0,474.41640000000007
00309524,"ТзДВ ""ВЕСНА-ЗАХІД""","79037, м. Львів, вул. Б. Хмельницького, 212",/0000000,4610137200,4092.966,118.979,0.675,0.0,12.238,106.066
03448630,"ТзДВ ""Шляхове ремонтно-будівельне управління No65""","79058, м. Львів, пр. Чорновола, 63",/0322358537,4610137500,4062.86,981.0554000000001,0.0014,6.103999999999999,0.59,974.36
01996711,"КНП ЛОР ""Львівська обласна клінічна лікарня""","79010, м. Львів, вул. Чернігівська, 7",/0322755020,4610137200,4040.76,2385.0912,0.3312,0.0,0.0,2384.7599999999998
32475074,"ТзОВ ""Яблуневий дар""","81500, Львівська обл., Городоцький р-н., м. Городок, вул. Львівська, 274 а",a.barniak@tbfruit.com/0673630256,4620910100,3996.7989999999995,1758.4604000000002,0.0914,3.5700000000000003,0.0,1754.799
30322940,"ПрАТ ""Трускавецькурорт""","82200, Львівська обл., м. Трускавець, бульвар Ю. Дрогобича, 2",/0324760000,4611500000,3955.092,855.82,0.608,0.12,0.0,855.0920000000001
07676441,"ДП ""Львівський радіоремонтний завод""","79019, м. Львів, вул. Жовківська, 11",/0322523248,4610137500,3934.0,599.76,0.36,3.04,0.36,596.0
36469441,"ТОВ ""Юніко-Істейт""","01135, м. Київ, вул. Златоустівська, буд. 32, кв. 35",/0674026704,4610136800,3908.96,994.543,0.5830000000000001,0.0,0.0,993.96
36152228,"ТзОВ ""Торговий Дім ""Міст Експрес""","79035, м. Львів, вул. Зелена, 147",/0504311908,4610100000,3761.936,23.316999999999997,0.34500000000000003,4.036,0.0,18.935999999999996
23972496,"СП ТОВ ""СФЕРОС-ЕЛЕКТРОН""","79069, м. Львів, вул. Шевченка, 315",/0322913753,4610137500,3728.72,494.99250000000006,0.6224999999999999,0.2,0.45,493.72
31267619,"ТзОВ ""ЙОХА-УКРАЇНА""","81053, Львівська обл., Яворівський р-н., м. Новояворівськ, вул. Мазепи, 8",/0325960210,4625810500,3711.4030000000002,1226.4001,0.4971,0.0,0.0,1225.903
34167494,ЛОР ’’ЛЬВІВСЬКИЙ ОБЛАСНИЙ ЦЕНТР ЕКСТРЕНОЇ МЕДИЧНОЇ ДОПОМОГИ ТА МЕДИЦИНИ КАТАСТРОФ ’’,"79059, м.Львів, вул.І.Миколайчука,9",borys0@ukr.net/032224-91-03,4610137500,3695.295,218.26299999999998,0.0,6.968,0.0,211.29499999999996
33525073,"Товариство з обмеженою відповідальністю ""Енергія - Новий Розділ""","81652, Львівська область, м. Новий Розділ, вул. Грушевського, 37",onsnr18@gmail.com/03261-2-63-49,4610800000,3685.821,1037.644,0.22,3.1029999999999998,0.0,1034.321
39135210,"ТОВ ""Меблевий комбінат ""Стрий""","82468, Львівська область, Стрийський район, село Гірне, вулиця Шевченка, 447",lysychkomks@gmail.com/0504304931,4625300000,3672.971,2846.6270000000004,0.0,1.6559999999999997,0.0,2844.971
23883485,"ТзОВ ""Нове Плюс""","м. Львів, вул. Зелена, 149/корпус 8А",/240-53-44,4610136800,3664.164,121.04799999999997,0.024,6.860000000000001,0.0,114.16399999999999
32764382,"ТзОВ ""Сервісний центр ""Діамант""","81110, Львівська обл., Пустомитівський р-н., с. Зимна Вода, вул. Городоцька, буд. 16",/0322244220,4610136300,3643.875,220.2215,0.1965,0.4,45.75,173.875
19338138,"Приватне акціонерне товариство ""ЛАКМА""","79060, м.Львів, вул.Підстригача Я., академіка, буд 3, кв 55",lacma@lacma.net/(032)2593324,4610136900,3607.685,792.9388000000001,0.1538,4.1,0.0,788.685
00309507,"ТзДВ ""Львівський маяк""","79024, м. Львів, вул. Промислова, буд. 27",/0322948850,4610137500,3556.4539999999997,782.0089999999999,0.555,0.0,0.0,781.4540000000001
37685117,"ТОВ ""ЕІМО""","81400, Львівська обл., м. Самбір, вул. Промислова, буд. 6Б",/0323660520,4610900000,3505.466,3505.466,0.0,0.0,0.0,3505.466
22412950,"Товариство з обмеженою відповідальністю ""Спільне українсько-канадське підприємство ""РосанПак""","81130, Львівська область, Пустомитівський район, село Сокільники, вул. Львівська бічна, 3",office@rosanpak.com/(032)294-95-94,4623686401,3499.841,325.743,0.442,1.93,0.03,323.341
14369134,"ТзОВ ""СП ""Росан""","79035, м. Львів, вул. Зелена, 147",/0504311908,4610100000,3453.6602,360.36839999999995,0.2762,3.4319999999999995,0.0,356.6602
19165985,"ТОВ ""Слохинівський цегельний завод""","82050, Львівська обл., Старосамбірський р-н., с. Слохині",/0323824552,4625184700,3440.0,3440.0,0.0,0.0,0.0,3440.0
01996639,Комунальне неприбуткове підприємство «Клінічна лікарня швидкої медичної допомоги м.Львова»,"79059, м.Львів, вул..Миколайчука,9",borys0@ukr.net/032 252-75-90,4610137500,3415.44,1975.7280000000003,0.28800000000000003,0.0,0.0,1975.4400000000003
39699776,"ТзОВ ""ЕН СІ ІнжинірингУкраїна""","м.Львів, вул. Садова , 9А",yaroslav.melko@gmail.com/032 245 2655,4610136300,3412.9379,383.73789999999997,0.030000000000000002,5.77,0.0,377.9379
00740599,"ПрАТ ""Львівський локомотиворемонтний завод""","79018, м. Львів, вул. Залізнична, 1А",/0322332174,4610136300,3406.752,309.32800000000003,0.07,5.506,0.0,303.752
24981630,"Сколівський військовий лісгосп ДП ""Івано-Франківського ВЛПК""","82600, Львівська обл., м. Сколе, вул. Героїв Маківки, 28",sk_vlg_bugalter@meta.ua/0325421812,4624510100,3343.04,2634.46,0.0,1.4200000000000002,0.0,2633.04
03348910,"КП ""Дрогобичводоканал"" Дрогобицької міської ради Львівської області","82103, Львівська обл., м. Дрогобич, вул. Федьковича, 11",/024451274,4610600000,3331.415,2513.17,0.0,1.355,2.9000000000000004,2508.915
33169878,"Іноземне підприємство ""Західна індустріальна компанія""","79495, м. Львів, м. Винники, вул. Шевченка, буд. 1",/0000000,4610160300,3286.02,151.647,0.627,0.0,0.0,151.01999999999998
38729123,"ТОВ ""Вуд Індастріс""","81700, Львівська обл., Жидачівський р-н., м. Жидачів, вул. Заводська, Гніздичівська, буд. 8",/0322445596,4621500000,3202.31,1214.2184,0.008400000000000001,3.9000000000000004,0.0,1210.31
30162618,"ДП ""Львівський державний завод ""ЛОРТА""","79040, м. Львів, Залізничний р-н., вул. Патона, 1",info@lorta.ua/2623781,4610136300,3172.1229000000003,91.5345,0.615,0.0,0.1266,90.7929
34814969,"ТзОВ ""Львівський бетон""","79066, м. Львів, вул. Грунтова, 1",/0322454781,4610136800,3127.076,754.1060000000001,0.05,4.23,0.25,749.576
25231918,"ПП ""Бридж""","80371, Львівська обл., Жовківський р-н., с. Надичі, вул. Грушевського, 3",/25231851,4622786401,3064.67,479.328,0.058,4.6,0.0,474.66999999999996
20784943,"ЛКП ""Залізничнетеплоенерго""","79054, м. Львів, вул. С. Петлюри, 4а",lmkp@mail.lviv.ua/0322624207,4610136300,3022.0260000000003,628.8009999999999,0.335,1.44,0.0,627.0260000000001
33909724,"ТзОВ ""Бадер Україна""","81084, Львівська обл., Яворівський р-н., с. Кожичі, вул. Дорошенка, 2",Info.300@baber-leather.com/(03231)3-31-08,4625883604,2988.0,2688.06,0.06,0.0,0.0,2688.0
22364091,"Підприємство з іноземними інвестиціями ТзОВ ""Аква-ЕКО""","82200, Львівська обл., м. Трускавець, вул. Івана Мазепи, 29",/0324766031,4611500000,2986.7738,455.3065,0.2817,2.2510000000000003,0.0,452.7738
01981951,"ДЗДС (спеціальний) санаторій ""ДЖЕРЕЛО""","Львівська обл., м. Трускавець, вул. Суховоля, 75",/0000000,4611500000,2983.354,596.3315,0.47750000000000004,0.0,0.0,595.8539999999999
05393518,"ПрАТ ""Холдингова компанія ""ЕКО-ДІМ""","80256, Львівська обл., Радехівський р-н., с. Оглядів, вул. Каштанова, буд.1",eko-dim@hotmail.com/224-92-88,4610137200,2947.955,1280.9529999999997,0.038000000000000006,2.96,0.0,1277.955
31588791,"ДП ""Датський текстиль"" компанії ""ПВН Холдінг А/С (Данія)","80000, Львівська обл., Сокальський р-н., м. Сокаль, вул. Чайковського, 1",ogu@danish-textiles.com/0325772017,4600000000,2947.7,2068.2000000000003,0.14,0.36,0.0,2067.7
32561990,"ДП ""ЕКРАН-ВІКНОСВІТ"" ТзОВ ""ЕКРАН""","82400, Львівська обл., м. Стрий, вул. Сколівська, 7-Б",/0324539114,4611200000,2937.8099999999995,462.77000000000004,0.0,4.96,0.0,457.81
36545108,"ТзОВ ""Скриня плюс""","79034, м. Львів, вул. Навроцького, буд. 25",/0000000,4610136800,2849.7149999999997,735.138,0.42300000000000004,0.0,0.0,734.715
41195305,"ТзОВ ""Авто Лідер Захід""","81110, Львівська обл., Пустомитівський р-н., с. Зимна Вода, вул. Городоцька, 16",/0322424942,4623681601,2831.0,29.0475,0.0075,5.54,0.0,23.5
36767366,"ТОВ ""Кондитерська фабрика ""Ярич""",Львівська обл. Камянка-Бузький р-н с. Старий Яричів вул. Заводська 1,i.symonik@yarych.com/0673600581,4600000000,2823.2400000000002,603.684,0.44400000000000006,0.0,0.0,603.24
32789894,"ТОВ ""Західно-Український гольф та кантрі клуб""","81080, Львівська обл., Яворівський р-н., с. Лозино, вул. Рівці, 10",/0676743701,4625885201,2817.37,134.1532,0.2022,0.0,34.131,99.82000000000001
05759310,Стрийський міський комбінат комунальних підприємств,"82400, Львівська обл., м. Стрий, вул. Нижанківського, 50",mkkp@ukr.net/0324553113,4610000000,2777.508,151.664,0.28900000000000003,2.367,0.0,149.008
22356177,"Селянське (фермерське) господарство ""Клен""","80310, Львівська обл., Жовківський р-н, с. Річки вул. Бічна Івана Франка, 2",rata@email.ua/+380676760664,4622787901,2750.2200000000003,20.402,0.032,5.1499999999999995,0.0,15.22
30975574,"ТзОВ ""Райтекс""","80400, м. Кам'янка-Бузька, вул. Ярослава Мудрого, 27",/0325423025,4622110100,2749.29,276.85699999999997,0.477,0.14200000000000002,0.348,275.89
31323636,"ТзОВ ""Рута""","80650, Львівська обл., Бродівський р-н., с. Гаї, вул. Лісова, 1",/0326639569,4620310100,2728.1059999999998,2728.1059999999998,0.0,0.0,0.0,2728.1059999999998
00110191,"ПАТ ""Галенергобудпром""","82434, Львівська обл., Стрийський р-н., с. Дуліби, вул. Заводська, 27",/024552163,4625382001,2725.4480000000003,248.8442,0.2452,2.4909999999999997,0.16,245.94799999999998
34814906,"ТзОВ ""Галавтосервіс""","79020, м. Львів, вул. Варшавська, 66/58",/0676760157,4610137500,2688.6922000000004,12.355599999999999,0.0,5.3634,0.0,6.9921999999999995
30275304,"ПП ""УКРТЕХПОСТАЧ""","79026, м. Львів, вул. Академіка Лазаренка, 4",/0322954128,4610136900,2684.0,1137.1,0.0,3.1,0.0,1134.0
33572542,"ФГ ""Джерельна криниця""","81644, Львівська обл., Миколаївський р-н., с. Більче",/0324160907,4623080801,2678.204,2014.5339999999999,0.0,1.33,0.0,2013.2040000000002
31978052,"ДП ""ХРТ ТЕКСТИЛЬ""","79060, м. Львів, вул. Наукова, буд. 7",/0000000,4610136900,2622.026,351.063,0.23700000000000002,2.0,1.8,347.026
33622032,"ТОВ ""АКО ІНДАСТРІС""","80362, Львівська обл., Жовківський р-н., смт. Куликів, вул. Шевченка, 73",/0676742047,4622755600,2621.796,937.898,0.252,0.8500000000000001,0.0,936.796
37961273,"ТзОВ ""ФЕРОЗІТ""","Тернопільська обл., м. Теребовля, іул. Шевченка, 171",/0322948601,4610137500,2578.85,1609.044,0.194,0.0,0.0,1608.85
32409127,"ТОВ ""Галицька здоба""","79057, м. Львів, вул. Антоновича, 102в",/0322440711,4610136900,2563.7289999999994,80.5771,0.1251,3.7229999999999994,0.0,76.729
32739068,"ТзОВ ""ЦВГ Україна""","79066, м. Львів, вул. Зелена, 301",lyubomyr.matsko@cvgrp.com/0676742763,4610136800,2560.7830000000004,843.885,0.243,0.17300000000000001,8.485999999999999,834.9830000000001
03348809,"Міське комунальне підприємство ""Миколаївводоканал""","81600,Львівська обл.,м. Миколаїв,вул.В.Чорновола, буд.1",mkvodokanal@ukr.net/03241-51-486,4623010100,2560.151,1931.411,0.0,1.26,0.0,1930.1509999999998
38964781,"ТОВ ""Фуджікура аутомотів Україна Львів""","81085, Львівська обл., Яворівський р-н., с. Підрясне, вул. Європейська, 1",/0674718212,4625887503,2518.93,1334.02,0.09,0.0,15.0,1318.93
31659013,"ДП ""ГРІН КОТТОН ГРУП ЛЬВІВ""","79041, м. Львів, вул. Городоцька, 226",/0000000,4610136600,2492.187,592.5855,0.3225,0.5760000000000001,0.0,591.687
04850451,"ПАТ ""Науково-виробниче об'єднання ""Термоприлад"" ім. В. Лаха""","79060, Львівська обл., м. Львів, вул. Наукова, буд. 3",thermo@mail.lviv.ua/0322631361,4610136900,2464.233,143.493,0.42,0.4,0.44,142.233
08371339,"Центр медичної реабілітації та санаторного лікування ""Трускавецький""","82200, м. Трускавець, вул. Городище, 4",/0673011115,4611500000,2464.0,1504.192,0.192,0.0,0.0,1504.0
00244676,"ТзОВ НВП ""Електрон-Т""","м. Львів, вул. Квітова, 12",/2520077,4610137500,2457.84,338.8425,0.0825,3.4200000000000004,0.0,335.34
22340506,"ТОВ ""МЕТРО Кеш енд Кері Україна""","02140, м. Київ, пр-кт. Петра Григоренка, 43",ls.store17@metro.ua/242-10-67,4610000000,2456.1279999999997,939.3851999999999,0.2772,0.13,1.35,937.6279999999999
37678492,"ТзОВ ""Аліор-Транс""","80100, Львівська обл., м. Червоноград, вул. Грушевського, 1",/032494910,4611800000,2448.504,12.383099999999999,0.0050999999999999995,4.7989999999999995,0.325,7.254
00376389,"ПрАТ ""Дрогобицький хлібокомбінат""","82100, Львівська область, м.Дрогобич, вул.Рєпіна, 8",hlibdr80@gmail.com/0324415525,4600000000,2447.323,225.5481,0.1361,3.089,0.0,222.32299999999998
23970286,"Комунальне некомерційне підприємство ""4-а міська поліклініка м. Львова""","79049, м.Львів, пр.-кт Червоної Калини,68",borys0@ukr.net/(032)222-52-22,4610136800,2444.2664999999997,237.70790000000002,0.44139999999999996,0.0,0.0,237.2665
37497024,"Львівське ПрАТ ""Галант""","79035, м. Львів, вул. Зелена, 147",/0504311908,4610100000,2385.313,575.909,0.3360000000000001,0.26,0.0,575.313
03114783,"ТзОВ ""Бродівське АТП-14610""","Львівська обл., м. Броди, вул. Івана Франка, 57",atp14610@ukr.net/050558612,4620310100,2366.3,77.9,0.0,4.53,0.57,72.8
32704119,"ТзОВ ""Автономні джерела струму""","80074, м. Київ, Голосіївський р-н., вул. Горького, 5б",/0325764605,4600000000,2339.0,916.04,0.15,1.29,0.6,914.0
26231147,"ПАТ ""Укртрансгаз"" філія УМГ ""Львівтрансгаз"" Дашавське ВУПЗГ","01021, м. Київ узвіз Кловський, 9/1",dogdan-in@utg.ua/245-37-180,4600000000,2337.941,104.753,0.15899999999999997,2.8529999999999998,0.3,101.44100000000002
03061545,"Державне спеціалізоване підприємство ""Львівський державний міжобласний спеціальний комбінат""","79038, м. Львів, вул. Таджицька, 4",office.ldmsk@gmail.com/0322511900,4610137200,2266.7599999999998,205.18800000000002,0.078,3.3499999999999996,0.0,201.76
30823126,"ТОВ ""СТАХЕМА ЛЬВІВ-СЕРВІС""","79041, м. Львів, вул. Городоцька, 225 (офіс 302)",/0322450465,4610136300,2180.57,320.036,0.14,2.326,0.0,317.57
01412584,"ТзОВ ""Львівський монтажно-заготівельний завод""","79035, м. Львів, вул. Зелена, 131",/2255664,4610137200,2172.312,256.425,0.13599999999999998,2.477,0.0,253.812
40034234,"ТОВ ""Вудкрафт Трейдінг""","м.Борислав вул.Дрогобицька, буд. 94",woodcraft.trading@gmail.com/(98)575 72 51,4610300000,2170.642,2170.642,0.0,0.0,0.0,2170.642
35101874,"ТзОВ ""Електроконтакт Україна""","81200, Львівська обл., м. Перемишляни, вул. Топольна, 1",/03227562,4623310100,2101.3,141.89000000000001,0.39,0.0,0.2,141.3
40624625,"ТзОВ ""Торговий дім ""Українська м'ясна компанія""","21036, Львівська обл., м. Вінниця, вул.Максимовича, 4/518",/0938252474,4620310100,2059.16,2059.16,0.0,0.0,0.0,2059.16
30124284,"ТзОВ ""Галичхутро""","80001, Львівська обл., Сокальський р-н., с. Велике",/0325755120,4624885502,2005.947,163.49890000000002,0.1819,1.87,0.0,161.447
33080114,"ТзОВ ""Автосвіт""","80316, Львівська обл., Жовківський р-н., м. Рава-Руська, вул. 22 січня, 6",ravaavtosvit@meta.ua/0678019676,4622710400,1996.4,20.383000000000003,0.015,3.64,1.7280000000000002,15.0
33278512,"ТзОВ ""Е.ВАН ВАЙК ЛОДЖИСТИКС ЮКРЕЙН""","81131, Львівська обл., Пустомитівський р-н., с. Солонка, вул. Стрийська, 55",/0322271616,4623686601,1992.0,45.306,0.066,3.24,0.0,42.0
00992444,"ДП ""Бродівське лісове господарство""","80600, Львівська обл., м. Броди, вул. Низька, 15",/0326627387,4620310100,1990.9589999999998,1596.7309999999998,0.002,0.77,0.0,1595.9589999999998
39044726,"Товариство з обмеженою відповідальністю ""Гідротехцентр""","79040, Львівська обл., м. Львів, вул. Курмановича, буд. 2",08041988v@ukr.net/0504328592,4610136300,1987.16,32.1162,0.0512,3.4050000000000002,0.0,28.659999999999997
39878629,"ТОВ ""ТБ Фрут Капітал""","81500, Львівська обл., Городоцький р-н., м. Городок, вул. Артищівська, буд. 9, корпус 1",/0673388270,4620910100,1979.021,1267.5859999999998,0.04,1.025,0.0,1266.521
30657530,"ТзОВ ""Успіх БМ""","79035, м. Львів, вул. Виговського, 42/56",yspixbm@ukr.net/2702150,4610136800,1968.86,23.66,0.0,3.8,1.0,18.86
22402928,"Спільне підприємство ""Бориславська нафтова компанія""","Львівська обл., м. Борислав, вул. Шкільна, 28А",oilcompany@ykr.net/0324842783,4610300000,1959.2995,386.0504,0.0469,0.884,18.32,366.79949999999997
25240544,"ТзОВ ""Комунальник 1""","82400, Львівська обл., м. Стрий, вул. Нижанківського, 50",komunalnyk@gmail.com/0671392748,4611200000,1942.29,32.617,0.0,3.827,0.0,28.79
32483848,"ТзОВ ""НІКО-ЗАХІД""","79019, м. Львів, вул. Липинського, 50 Б",/2989551,4610100000,1941.021,216.327,0.183,1.6229999999999998,0.0,214.52100000000002
00222284,"ПАТ ""Львівський завод штучних алмазів і алмазного інструменту""","79024, м. Львів, вул. Б.Хмельницького, 116",almaz_lv@ukr.net/0322522031,4610137500,1915.69,763.808,0.16799999999999998,0.5900000000000001,0.36,762.69
30405534,"НПП ""Сколівські Бескиди""","82600, Львівська обл., Сколівський р-н., м. Сколе, вул. Кн. Святослава, 3",/0325121411,4624510100,1910.48,226.7649,0.009899999999999999,3.275,0.0,223.48000000000002
20807621,"ТзОВ ""Агропромислове підприємство ""Гряда""","80380, Львівська обл., Жовківський р-н., с. Гряда",/097-94-50-802,4622700000,1905.4340000000002,1905.4340000000002,0.0,0.0,0.0,1905.4340000000002
39072863,"ТОВ ""Інноваційний центр Елекс""","79060, Львівська обл., м. Львів, вул. Наукова, буд. 7в",office@eleks.com/0322971251,4610136900,1904.342,130.138,0.30600000000000005,0.49,0.0,129.34199999999998
32993129,"ДП ""ЕН ДЖІ МЕТАЛ УКРАЇНА"" компанії Н.Граверсен Металварефабрік А/С","вул. Шевченка, 73, смт. Куликів, Жовківський р-н, Львівська обл., Україна, 80362",rui@ng-ua.com/0676705626,4622755600,1901.21,1460.21,0.0,0.0,9.0,1451.21
02649905,"ДП ""Санаторно-курортний комплекс ""Моршинкурорт"" ЗАТ ""Укрпрофоздоровниця""","82482, Львівська обл., м. Моршин, вул. Паркова площа, 3",/0673435500,4610700000,1896.804,732.0909999999999,0.227,0.06,0.0,731.804
32568210,"ТзОВ ""Велет Авто""","79019, м. Львів, вул. Липинського, 50 В",/0322943131,4610137200,1892.8400000000001,132.43730000000002,0.09729999999999998,0.0,26.0,106.34
25560802,"ПАТ ""Укртрансгаз"" філія УМГ ""Львівтрансгаз"" Бібрське ЛВУМГ Бібрський проммайданчик","01021, м. Київ, Кловський узвіз, 9/1",borsuk-ua@utg.ua/23143290,4600000000,1884.8870000000002,42.417,0.018000000000000002,3.512,0.0,38.887
14308227,"ТзОВ ""Темара""","82400, Львівська обл., м. Стрий, вул. Промислова, 7",/03245539162,4611200000,1882.563,20.0596,0.0816,2.915,0.0,17.063
01268101,"ПрАТ ""Львівський завод залізобетонних виробів No2""","79024, м. Львів, вул. Польова, 44",/03229200808,4610137200,1882.04,671.6275,0.0375,2.0500000000000003,0.0,669.54
00846139,"ПАТ ""Птахофабрика ""Ражнівська""","80630, Львівська обл., Бродівський р-н., с. Заболотці",/0326636181,4620300000,1872.478,1872.478,0.0,0.0,0.0,1872.478
34532720,"ТзОВ ""НОТІС-2006""","01030, м. Київ, вул. Богдана Хмельницького, буд.1 літера Б, оф.9",/0324771348,4611500000,1869.1409999999998,569.4010000000001,0.26,0.0,0.0,569.1410000000001
02174626,"ДП ""Львівський державний цирк""","м. Львів, вул. Городоцька, 83",lvivcirk@gmail.com/(032)239-97-03,4610136600,1867.72,5.705,0.36000000000000004,0.125,0.0,5.22
32216654,"ДП ""ЮГТ УКРАЇНА""","Львівська обл., м. Дрогобич, вул. Самбірська, 85",/03244450664,4610000000,1855.4,655.6400000000001,0.24,0.0,0.0,655.4
23955204,"ТОВ ""КОМПАНІЯ ЕНЕЙ""","80383, Львівська обл., Жовківський р-н., с. Малехів, вул. Л. Українки, 47",/0322590590,4622785701,1853.7320000000002,183.08,0.0,3.348,0.0,179.732
40512377,"Філія Товариства з обмеженою відповідальністю ""ЛК Юкрейн Груп"" ""Краснянський елеватор""","80560, Львівська область, Буський район, смт. Красне, вул. Колеси, 9",r.fentsyk@mhp.com.ua/0673414311,4620655300,1838.933,1627.3138,0.0048000000000000004,0.376,0.0,1626.933
40414498,"ТзОВ ""ТБ Інжиніринг""","м.Львів, вул. Львівська, 274а",v.ratnov@tbpakc.com.ua/067-33-88-270,4620910100,1820.0919999999999,382.92870000000005,0.1157,1.7209999999999999,0.0,381.092
31742132,"ПП ""Агротем""","82427, Львівська обл., Стрийський р-н., с. Добряни",/024540414,4625381001,1815.422,323.41200000000003,0.0,2.99,0.0,320.422
00200217,"ТзДВ ""Пластик""","79035, м. Львів, вул. Січинського, 5",miligula@ukr.net/(032)270-74-24,4610136800,1814.2,37.436,0.036000000000000004,3.2,0.0,34.2
30542536,"ФГ ""ЛІМ""","80406, Львівська обл, Камянка-Бузький р-н, с.Товмач, вул.Шашкевича 1а",fglim@ukr.net/0325424618,4622182600,1811.9,15.5,0.0,3.6,0.0,11.9
14293158,"ДП ""Стрийський комбінат хлібопродуктів No1"" ДАРУ","8240 Львівська обл.м.Стрий вул.Грабовецька,2",strkhp1@ukr.net/0995253342,4611200000,1801.23,602.19,0.16,0.8,0.0,601.23
05468417,"ПрАТ ""ВАТ Калина""","80100 Львівська обл., м. Червоноград, вул. Богуна, 1.",kaluna_zez@groza.com.ua/0504305707,4611800000,1800.0,80.344,0.344,0.0,0.0,80.0
03114879,"ТзОВ ""Самбірське автотранспортне підприємство-14608""","81438, Львівська обл., Самбірський р-н., с. Новосілки-Гостинні, вул. Нова, 12",/0672705671,4624288601,1783.4,26.65,0.03,3.2199999999999998,0.0,23.4
31228240,"Товариство з обмеженою відповідальністю ""Агро-Інвест""","80100 Львівська область, м. Червоноград, вул. Львівська, 19",roman100@meta.ua/03249 4-60-70,4611800000,1763.025,1363.5010000000002,0.036000000000000004,0.44000000000000006,0.0,1363.025
03114848,ТзОВ Фіакр-Львів,"79018,м.Львів,вул.Федьковича,34 б",fiakr@ukr.net/238-24-10,4610136900,1757.74,92.71099999999998,0.096,2.375,0.0,90.24
37278500,"ТзОВ ""Агролайф транссервіс""","81151, Львівська обл., Пустомитівський р-н., с. Давидів, вул. Львівська , 2а",/0322277619,4623682401,1757.1100000000001,1757.1100000000001,0.0,0.0,0.0,1757.1100000000001
00222278,"ТзОВ ""Львівський завод фрезерних верстатів""","79035, м. Львів, вул. Зелена, буд. 149",/0000000,4610136800,1742.7,481.81800000000004,0.099,1.5150000000000001,0.20400000000000001,480.0
00992384,"ДП ""Славське лісове господарство""","82660, Львівська обл., Сколівський р-н., смт. Славсько, вул. Олени Степанівни, 7",slavsklis@ukr.net/0325142488,4624555700,1739.78,42.82,0.04,3.0,0.0,39.78
34854205,Квартирно-експлуатаційний відділ м. Львів,"79007, м. Львів, вул. Батуринська, 2",/(032)255-74-80,4610100000,1725.9,7.0,0.3,0.4,0.4,5.9
33296918,"ТОВ ""Бейкер -Україна""","Львівська обл.Яворівський р-н.,м.НОВОЯВОРІВСЬК ВУЛ.Шевченка, 22",info@baker.com.ua/38(03259)70049,4625810500,1699.4,665.8561,0.1791,0.277,0.0,665.4
38700696,"ПП ""ГАЛХЛІБОПРОДУКТ""","79031, м. Львів, вул. Стрийська, 195",/0000000,4600000000,1689.676,639.886,0.21000000000000002,0.0,0.0,639.676
30650753,"ТзОВ ""Успіх БМ""","79053, м. Львів, вул. В. Великого, 42/56",yspixbm@ukr.net/270-21-50,4610136800,1687.148,25.78,0.0,3.242,0.89,21.648000000000003
35784290,"ТзОВ ІІ ""Хенкель Баутехнік (Україна) філія в м. Миколаїв""","07301, Київська обл., м. Вишгород, вул. Новопромислова, 2",/0322427506,4623010100,1684.023,422.36280000000005,0.08280000000000001,1.6,1.0070000000000001,419.673
39420875,Львівська митниця ДФС,"80316, Львівська обл., Жовківський р-н., с. Рата, вул. Гребінська, 28",/0322589952,4625855600,1670.7399999999998,650.944,0.20400000000000001,0.0,0.0,650.74
36417791,"ТзОВ ""ШОКООООООООЛАД""","79020, м. Львів, вул. Поштова, 16А",/0000000,4610137500,1653.236,571.9523,0.2163,0.0,0.0,571.736
01984530,"КЗ ЛОР ""Львівський обласний клінічний психоневрологічний диспансер""","79017, м. Львів, вул. Коциловського, 30",/0322752111,4610137200,1632.6053,174.628,0.20070000000000002,0.91,0.012,173.5053
14310460,"Товариство з додатковою відповідальністю ""Бориславський завод ""РЕМА""","82300, Львівська обл., м. Борислав. вул. Сосюри,45",plant@bzrema.com/(03248)5-23-58,4610300000,1615.959,66.629,0.28,0.29000000000000004,0.1,65.959
38114294,"ТзОВ ""Завод Стеко""","80371, Львівська обл., Жовківський р-н., с. Надичі, вул. Артільна, 11",/25231851,4600000000,1610.076,402.3879999999999,0.012,2.3,0.0,400.07599999999996
36142288,"ТОВ ""Жорж Матаі Україна""","81150, Львівська обл., Пустомитівський р-н., с. Сокільники, вул. Львівська бічна, 11",olga.obryezanova@matai.de/0322537448,4623686401,1605.857,211.136,0.279,0.0,0.0,210.857
25551988,"ТзОВ ""Факро Львів""","79040, м. Львів, вул. Городоцька, буд. 355 Б",/0630565006,4610136300,1601.12,233.348,0.14800000000000002,0.08,12.0,221.12
33129018,"Фермерське господарство ""Щедрий дар Марії""","82030, Львівська обл., Старосамбірський р-н., с. Лютовиська",mariadar33@ukr.net/(032)3834631,4625183101,1596.2580000000003,807.838,0.0,1.58,0.0,806.258
39392543,"ТзОВ ""Стрийський паркет""","82462, Львівська обл., Стрийський р-н., с. Слобітка, вул. Возз'єднання, 8",/0324532403,4625384605,1581.02,928.844,0.11,0.20400000000000001,0.01,928.52
35145549,"ПП ""Шипшина""","79040, м. Львів, вул. Городоцька, 357",u.sokil@shyp-shyna.com.ua/0504347614,4610136300,1576.27,524.877,0.0,2.107,0.0,522.77
07930854,Яворівська квартирно-експлуатаційна частина району,"81000, Львівська обл., м. Яворів, вул. Львівська, 19",/00000,4625810100,1574.64,515.572,0.132,0.8,0.0,514.64
30539282,"ТзОВ ""Геос-Львів""","79034, м. Львів, вул. Угорська, 14",/0322419764,4610136800,1571.0,571.2,0.2,0.0,0.0,571.0
30703443,"ПП ""Шенгофер і К""","81053, Львівська обл., Яворівський р-н., м. Новояворівськ, вул. Зелена, буд. 22",epz_sheng@mail.ru/032-597-00-94,4625810500,1569.308,37.4855,0.0435,2.6340000000000003,0.0,34.808
04525679,"ПАТ ""Укртрансгаз"" філія УМГ ""Львівтрансгаз"" Опарське ВУ ПЗГ","01021, м. Київ узвіз Кловський, 9/1",bilyak-ga@utg.ua/244-78-3-72,4621200000,1563.875,37.042,0.099,2.068,0.0,34.875
01997645,"Комунальне некомерційне підприємство ""8-а міська клінічна лікарня м. Львова""","79034, м. Львів, вул.Навроцького,23",borys0@ukr.net/(032) 236-7403,4610136800,1489.518,789.6580000000001,0.14,0.0,0.0,789.518
32730400,"ТОВ ""Каргілл Енімал Нутрішн""","81083, Львівська область, Яворівський р-н, с. Жорниська, комплекс ""Ямельня-1""",volodymyr_vakh@cargill.com/+380503721904,4625883602,1480.4,561.88,0.07999999999999999,1.0,0.4,560.4
36828617,"ТОВ ""Горизонти""","79005, м. Львів, вул. Академіка Павлова, буд. 6ц., кв. 7",/0673421869,4610137200,1440.0,97.8032,0.0072,2.522,0.9740000000000001,94.3
01997768,"КНП ЛОР ""Львівський обласний центр превенції та терапії узалежнень""","79007, м. Львів, вул. Б. Лепкого, 8",/03225555521,4610136600,1438.194,88.464,0.27,0.0,0.0,88.194
32599783,"ДП ""Холгер Крістіансен Продакшн Україна"" компанії ""Холгер Крістіансен А/С""","81033, Львівська обл., Яворівський р-н., смт. Краковець, вул. М. Вербицького, 42",/03259 60 190,4625855600,1429.1,230.23999999999998,0.14,1.0,0.0,229.1
46101000,"ТОВ ""Метро Кеш енд Кері Україна"" ТЦ-37 м. Львів, 2","79032, м. Львів, вул. Дж. Вашингтона, 8Г",Ls.store37@metro.ua/0322426869,4600000000,1420.0,650.154,0.154,0.0,0.0,650.0
13806807,"ТОВ ""ЕЛЕКС""","79060, м. Львів, вул. Наукова, буд. 7г",office@eleks.com/0322971251,4610136900,1411.382,195.77820000000003,0.2262,0.17,0.0,195.38199999999998
34167054,"ПП ""ЦЕНТРОБУД""","79034, м. Львів, вул. Навроцького, буд. 25",/0000000,4610136800,1408.788,373.99500000000006,0.20700000000000002,0.0,0.0,373.788
36676494,"ТзОВ ""Ембавуд Україна""","81400, Львівська обл., м. Самбір, вул. В'ячеслава Чорновола, 36",/0323660594,4610900000,1404.325,488.4403,0.13530000000000003,0.48,0.0,487.825
32747220,Славське комунальне каналізаційне підприємство,"806607, Львівська обл., Сколівський р-н., смт. Славське, вул. Івасюка, 10",/0325142162,4624555700,1371.2339,243.32550000000003,0.1296,0.962,0.0,242.2339
25234213,"Товариство з обмеженою відповідальністю ""Лаура""","79021, м.Львів, вул.Садова, 2-А/12",natalia20090801@gmail.com/0503171885,4610136300,1345.649,180.88199999999998,0.23299999999999998,0.0,0.0,180.649
32053294,"ПП ""Чорний""","79058, м. Львів, вул. Куліша, 45/15",/0676760157,4610136600,1342.65,114.96600000000001,0.016,2.3000000000000003,0.0,112.65
33711331,"ТзОВ РСП ""Шувар""","79070, м. Львів, вул. Хуторівка, 4-б",/00000000,4610136800,1342.6,442.78000000000003,0.18,0.0,0.0,442.6
01996792,"КЗ ЛОР ""Львівський онкологічний регіональний лікувально-діагностичний центр""","79031, м. Львів, вул. Гашека, 2а",/0322954085,4610136800,1341.3,212.21,0.15,0.76,0.0,211.3
01553066,"ПрАТ ""Комерція""","79035, м. Львів, вул. Зелена, 147",/0504311908,4610100000,1336.122,206.38400000000001,0.222,0.04,0.0,206.122
30203135,"ПП ""МЕДІС""","79058, м. Львів, Галицький р-н., вул. Куліша, буд. 47, кв. 1А",info@medis.com.ua/0322602500,4610136600,1296.2060000000001,66.308,0.24300000000000005,0.0,0.309,65.756
19358632,Публічне акціонерне товариство «ВіЕс Банк»,"79000,м.Львів,вул.Грабовського.11",borys0@ukr.net/032 297-69-89,4610136900,1276.45,262.36400000000003,0.124,0.79,0.0,261.45
38798071,"ТзОВ ""Вест Євро Транс""","81646, Львівська обл., Миколаївський р-н., с. Київець, вул. Держівська, 1",westevrotrans@gmail.com/0676751254,4623084201,1257.646,21.56,0.0,2.435,0.429,18.695999999999998
02070996,Національний лісотехнічний університет України,"79057, м. Львів, вул. Ген. Чупринки, 103",/0322377990,4610136900,1250.466,455.706,0.15,0.09,0.0,455.466
37958251,"ТзОВ ""Дослідно-механічний завод ""Карпати""","81652, Львівська обл., м. Новий Розділ, вул. Ходорівська, 4",dmzk@ukr.net/0326124522,4610800000,1236.5,586.99,0.09,0.4,0.0,586.5
00992438,"ДП ""Жовківське лісове господарство""","80300, Львівська обл., м. Жовква, вул. Лісна, 3",/03252 61838,4622710100,1191.6,542.9,0.0,1.3,0.0,541.6
25234325,"МКП ""Жидачівводоканал""","81700, Львівська обл., м. Жидачів, вул. Зелена, 38",zhudachiv-vodokanal@ukr.net/0326124522,4624510100,1179.34,65.949,0.069,1.54,0.0,64.34
32894162,"ТОВ ""Українська панчішна компанія""","79032, м. Львів, вул. Пасічна, 93",upk@upk.lviv.ua/0322418050,4610137200,1169.9430000000002,70.163,0.22,0.0,0.0,69.943
31678998,"ТзОВ ""Хінкель-Когут""","81500, Львівська обл., м. Городок, вул. Комарнівська, 67",/0323132507,4620910100,1162.8,700.7255,0.0555,0.37,0.0,700.3000000000001
03327227,"ПАТ ""Сколівське кар'єроуправління""","82634, Львівська обл., Сколівський р-н., с. Гребенів, вул. Шевченка, 44",sky@bfg.lviv.ua/0631714538,4624581401,1160.0,12.3,0.0,2.3,0.0,10.0
22362258,"КП ""Розділжитлосервіс""","м. Новий Розділ, вул. Грушевського, 37",/0633149321,4610800000,1154.53,470.90000000000003,0.0,1.37,0.0,469.53
30999883,"ТзОВ ""Гніздичів""","81740, Львівська обл., Жидачівський р-н., смт. Гніздичів, вул. Грушевського, 1",/0676706867,4621500000,1143.3656,113.6559,0.0303,1.7599999999999998,0.0,111.8656
37136008,"ТзОВ ""ММ-Пласт""","82400, Львівська обл., м. Стрий, вул. Шухевича, 30",mmplast2012@gmail.com/0324577680,4600000000,1140.405,79.7645,0.0295,1.83,0.0,77.905
32448978,"ТзОВ ""Галичпродукт""","80100, Львівська обл., м. Червоноград, вул. Львівська, 19",/0324949900,4611800000,1140.0,1140.0,0.0,0.0,0.0,1140.0
30648990,"ТзОВ ""Енергомонтажвентиляція""","80411, Львівська обл., Кам'янка-Бузький р-н., с. Матяші, вул. Центральна, 14в",energomontazh2000@gmail.com/0997797371,4622185915,1126.0,38.18,0.0,2.18,0.0,36.0
33260662,"ЛФ ТОВ ""Інтертрансгруп""","03049, м. Київ, вул. архітектора Кобелєва, 1/7",/2989241,4600000000,1120.3,71.86,0.060000000000000005,1.5,0.0,70.3
22402902,"СП ""Бориславська нафтова компанія""","Львівська обл., м. Борислав, вул. Шкільна, 28А",oilcompany@ykr.net/0324842783,4610300000,1105.463,69.5635,0.0275,0.573,12.5,56.463
3266405366,ФОП Поросюк Л.М.,"79052, м. Львів, вул. Роксоляни, 10/7",/0978433662,4610136300,1096.0,92.0012,0.0012,2.0,0.0,90.0
33406527,"ДП ""ЮСЕНКО Україна""","79000, м. Львів, пл. Міцкевича, 8",Snizhana.Buryak@cadoganpetroleum.com/(032)2422310,4610136600,1091.402,364.54850000000005,0.010499999999999999,0.28600000000000003,10.85,353.40200000000004
3019614311,ФОП Фундела Т.П.,"79495, Львівська обл., м. Винники, вул. Кільцева, 4/49",/0674343886,4610137200,1086.0,82.0012,0.0012,2.0,0.0,80.0
31804036,"ТзОВ НВП ""Гетьман""","79024, м. Львів, вул. Волинська, 10-а",/00000,4610137500,1080.0,480.12,0.12,0.0,0.0,480.0
00114057,"ПрАТ ""Центр енергетичних інновацій""","79005, м. Львів, вул. Ш. Руставелі, 7",/0322390401,4610137200,1073.83,109.023,0.193,0.0,0.0,108.83
38901960,"ТзОВ ""СПОРТ-КАСТА""","01014, м. Київ, вул. Катерини Білокур, буд. 1, офіс 23",/09750747,4610100000,1065.62,69.3193,0.1993,0.0,0.0,69.12
03348465,"Львівське комунальне підприємство транспортна фірма ""Львівспецкомунтранс""","79019, м. Львів, Шевченківський район, вул. Жовківська, 18",/252-10-62,4610137500,1046.444,13.514000000000003,0.0,2.0700000000000003,0.0,11.444000000000003
34086798,ТзОВ ім. Маркіяна Шашкевича,"80714, Львівська обл., Золочівський р-н., с. Почапи",/0326554734,4621885801,1037.7,9.45,0.0,2.04,0.21000000000000002,7.2
33550545,"Львівська філія ТзОВ ""ОРЛАН-ТРАНС-ГРУП""","03148, м. Київ, вул. Жмеринська, 30 ; 79024, Львівська обл., м. Львів, вул. Пластова, 4",/0322 940 305,4610137200,1034.58,76.594,0.045000000000000005,1.4689999999999999,0.0,75.08
31778022,ТОВ «Карпатські мінеральні води»,"01011, м.Київ, вулиця Олександра Копиленка, 3 кв.7",s.hirilova@kmw.com.ua/0979466572,4621887601,1034.164,628.976,0.0,0.8119999999999999,0.0,628.164
20760210,Державне підприємство «Дослідне господарство «Оброшине»,"81118, Львівська область,Пустомитівський район,с. с.Ставчани,вул.Стуса,5",borys0@ukr.net/+380678500323,4623687001,1025.17,47.093999999999994,0.004,1.92,0.0,45.17
30000286,"ПП ""Агро-Прогрес""","80552, Львівська обл., Буський р-н., с. Задвір'я",agroprogres@ukr.net/0326441573,4620682001,1022.1840000000001,185.04999999999998,0.09,0.776,0.0,184.18399999999997
20837154,"ТзОВ ""Акцент""","81083, Львівська обл., Яворівського р-ну, с. Домажир",/0322638417,4625883601,1010.0,662.264,0.048,0.21600000000000003,0.0,662.0
22354810,"ФГ ""Лелик""","80362, смт.Куликів, вул.Яворницького, 1",/+380506617140,4622755600,995.5,22.45,0.0,1.95,0.0,20.5
35784291,"""Хенкель Баутехнік (Україна) філія в м. Миколаїв","07300, Київська обл., м. Вишгород, вул. Новопромислова, 2",andriy.danylovych@henkel.com/032-242-75-06,4623010100,995.2969999999999,212.19860000000003,0.0696,0.8220000000000001,0.51,210.797
00992473,"ДП ""Сколівське лісове господарство""","82600, Львівська обл., Сколівський р-н., м. Сколе, вул. Стрийська, 30",/025121929,4624510100,994.5600000000001,591.44,0.0,0.8,0.08,590.5600000000001
22333593,"Комунальне підприємство ЛОР ""Львівська станція швидкої медичної допомоги""","79059, м. Львів, вул. П. Орлика, 6",lviv03@ukr.net/032-294-04-71,4610137500,989.326,81.05600000000001,0.01,1.7200000000000002,0.0,79.326
01153133,"АТ ""Укртрансгаз"" філія УМГ ""Прикарпаттрансгаз"" Бібрське ЛВУМГ Бібрський проммайданчик","01021, м. Київ, Узвіз Кловський, 9/1",borsuk-ua@utg.ua/23143290,4600000000,985.1320000000001,37.922,0.012,1.778,0.0,36.132
35108740,"ТзОВ ""Електроконтакт Україна""","81200, львівська обл., м. Перемишляни, вул. Топольна, 1",/032272762,4623310100,984.1,74.47999999999999,0.18,0.0,0.2,74.1
32460604,Львівський державний університет Фізичної культури,"79007, м. Львів, вул. Костюшка, буд. 11",/2553214,4610136600,974.3499999999999,420.346,0.108,0.0,0.28800000000000003,419.95
30822837,"ПрАТ ""Львівський лікеро-горілчаний завод""","79024, м. Львів, вул. М. Кордуби, 2",/0322948778,4600000000,972.946,298.783,0.057,0.78,0.0,297.946
31475513,Підприємство житлово-комунального господарства Моршинської міської ради,"82482, Львівська обл., м. Моршин, вул. Привокзальна, 47",/0000000,4610700000,971.9759999999999,53.492000000000004,0.036000000000000004,1.4800000000000002,0.0,51.976
32789941,"ТзОВ НВП ""Енергія-Новояворівськ""","81053,Львівська обл., Яворівський р-н., м. Новояворівськ, вул. Пасічника, 1",/25641563,4625810500,964.742,35.522,0.12,0.6599999999999999,0.0,34.742000000000004
2725905873,ФОП Кірюшкін С.В.,"м. Львів, вул. Богдана Хмельницького, 73 кв. 7",Galina.trial@bigmir.net/0322520528,4610137500,948.6982,2.0986,0.0348,1.5356,0.13,0.3982
14370485,"ТзОВ спеціалізоване підприємство ""ЕККО""","79040, м. Львів, вул. Городоцька, 282",drabyk@ekko.lviv.ua/0322400250,4620000000,947.4420000000001,527.5260000000001,0.084,0.0,0.0,527.442
32300101,"ТзОВ ""Бистриця-Керамік""","82100, м. Дрогобич, вул. Зарічна, 34",bystrycial@ukr.net/0985777364,4610600000,936.7340000000002,876.854,0.0,0.12000000000000001,0.0,876.734
23965355,"ПП ""Соріс""","80100, Львівська обл., м. Червоноград, пр. Шевченка, 14а",/(032249)20333,4611800000,922.13,2.972,0.0,1.842,0.0,1.13
34904727,"ТзОВ ""Галицька Кабельна Компанія""","80434, Львівська обл., Кам'янка-Бузький р-н., с. Велике Колодно, вул. Б. Хмельницького, 39А",/0322295023,4622181201,917.754,623.2180000000001,0.014,0.45,0.0,622.754
30338348,"ПП ""Єврофлекс""","79019, м. Львів, вул. Жовківська, 22",/0322522025,4610137500,900.2705,360.37850000000003,0.108,0.0,0.0,360.27049999999997
20777340,"ТзОВ ""Шувар""","79070, м. Львів, вул. Чукаріна, 6",/00000000,4610136800,900.0,0.18,0.18,0.0,0.0,0.0
00446374,"ПАТ ""Бродівський завод сухого знежиреного молока""","80600, Львівська обл., м. Броди, вул. І. Богуна, 3",/0326627010,4620310000,878.944,393.6849999999999,0.061,0.0,3.68,389.944
39107560,"ТзОВ ""Готельний комплекс ""Таурус""","79016, м. Львів, пл. Князя Святослава, 5",/2333186,4610136300,878.6759999999999,38.844,0.16799999999999998,0.0,0.0,38.676
33476964,"ТзОВ ""Агро Фрутіка Бишків""","80333, Львівська обл., Жовківський р-н., с. Бишків, вул. Центральна, 17",taras.hook@frutica.com.ua/(03252) 62075,4622780801,877.8,2.509,0.009,1.66,0.04,0.8
20761149,"Комунальне некомерційне підприємство ""4-а міська поліклініка м. Львова""","79022, м.Львів, вул..Симоненка,4",borys@ukr.net/032 263-51-96,4610136900,870.8070000000001,175.94600000000003,0.13899999999999998,0.0,0.0,175.807
32894618,"ТОВ ""Максимуслаб""","79014, м. Львів, вул. Котика, 4",info@mmlab.com.ua/0322601464,4610137200,857.466,46.1283,0.1623,0.0,0.0,45.966
40100940,"ТОВ ""ВЕМАКО""","79495, м. Львів-Винники, вул. Виробнича, 1",taras.shchur@gmail.com/0676709751,4610160300,831.92,59.352000000000004,0.132,0.0,2.3000000000000003,56.92
22342296,"ТзОВ ""Буське сорто-насінницьке підприємство""","80530, Львівська обл., Буський р-н., с. Ожидів",/0967810617,4620355400,812.2,707.356,0.006,0.15,0.0,707.2
36248920,"ТзОВ ""Ніко Захід Моторс""","79019, м. Львів, вул. Липинського, 50 Б",/2989551,4610100000,804.076,39.931,0.075,0.78,0.0,39.07600000000001
36211644,"ТзОВ ""Княжі Лани""","80733, Львівська обл., Золочівський р-н., с. Княже, вул. Шевченка, 47",/0326554772,4621883301,803.266,20.299,0.004,1.5290000000000001,0.0,18.766
31526164,"ТзОВ ""Репро Студія Діалог""","79040, м. Львів, вул. Городоцька, 282",petro@rsd.lviv.ua/0322321115,4620000000,799.8,4.42,0.10800000000000001,0.512,0.0,3.8
05432684,"КП ""Стрийтепло""","82400, Львівська обл., м. Стрий, вул. Новаківського, 9",/0324541284,4611200000,794.14,225.22599999999997,0.006,1.0799999999999998,0.0,224.14
33321489,"ТзОВ ""Виробниче підприємство ""Будпромвиріб""","82435, Львівська область, Стрийський р-н., с. Грабовець,вул. Поповича, 32 а",/0324544145,4625380601,793.75,179.791,0.020999999999999998,1.02,0.0,178.75
46209101,38169055,"81500, Львівська обл., Городоцький р-н., м. Городок, вул. Львівська, 274 а",a.barniak@tbfruit.com/0673630256,4620910100,786.983,237.903,0.02,0.9,0.0,236.983
30336890,"Корпорація ""Енергоресурс-Інвест""","79035, м. Львів, вул. Зелена, 131",info.energoresurs@ukr.net/0322255439,4610137200,786.9000000000001,87.75999999999999,0.06,0.8,0.0,86.9
31804130,"ТзОВ ""Торговий центр ""Привокзальний""","79018, м. Львів, вул. Федьковича, 34-б",/00000000,4610100000,780.0,180.12,0.12,0.0,0.0,180.0
33628378,"Товариство з обмеженою відповідальністю ""Декарест""","82100 Львівська обл. м.Дрогобич вул.Гайдамацька,26",2016yaroslav@ukr.net/0976108451,4610600000,776.25,251.35500000000002,0.10500000000000001,0.0,0.0,251.25
03348956,"ЛКП ""Шляхово-ремонтне підприємство Личаківського району""","79035, м. Львів, вул. Пасіки Галицькі, 7",lkp@lviv.farlep.net/032447432,4610137200,771.8489999999999,78.194,0.005,1.3399999999999999,0.0,76.849
30706140,"ТзОВ ""Поліуретанові технології""","79038, м. Львів, вул. Садівнича, буд. 9 кв. (офіс)2",/0322402178,4610137200,757.1,28.236,0.036,1.0999999999999999,0.0,27.1
37815064,"ТзОВ ""СПОРТ-СЕТ""","01014, м. Київ, вул. Катерини Білокур, буд. 1, офіс 23",/0975071947,4610100000,745.8000000000001,28.943399999999997,0.1434,0.0,0.0,28.799999999999997
33648532,"ТОВ ""Гасер-Європа""","81160, Львівська обл., Пустомитівський р-н., смт. Щирець, вул. Б. Лепкого, 1",/0323067859,4623655500,745.0500000000001,10.197,0.14700000000000002,0.0,0.0,10.05
03335511,"ПрАТ ""Львівське спеціалізоване будівельно-монтажне управління No1""","79040, м. Львів, вул. Конюшинна, 14",/0322627320,4610136300,737.4680000000001,181.557,0.0,1.095,0.194,180.26799999999997
32285581,"ТОВ ""Дюна-Веста""","80100, Львівська обл., м.Червоноград, вул. Б.Хмельницького, 67",info@duna.ua/0324941342,4611800000,728.0809999999999,233.17999999999998,0.099,0.0,0.0,233.081
05785017,"ДП ""Львівський державний ювелірний завод""","79060, м. Львів, вул. Академіка Підстригача, 2",dplduz@gmail.com/2632472,4610136900,723.7249999999999,44.041,0.11599999999999999,0.2,0.0,43.725
33282218,"Філія ""Львів-молоко"" ПрАТ ""Тернопільський молокозавод""","вул. Зелена, 301, м. Львів,79066",sbuh.lviv@molokija.com/(032)2418164,4610136800,720.6779999999999,3.7623999999999995,0.0,1.2953999999999999,1.439,1.028
36738288,"ТзОВ ""Млин Агро""","81772, Львівська обл., Жидачівський р-н., с. Млиниська, вул. І.Франка, 4г",mlynagro2@gmail.com/0972711441,4600000000,720.31,6.712999999999999,0.003,1.4,0.0,5.31
01984263,"КНП ЛОР ""Львівська обласна інфекційна клінічна лікарня""","79010, м. Львів, вул. Пекарська, 54",infekcia@ukr.net/0322755405,4610137200,716.444,248.53759999999997,0.0936,0.0,0.0,248.444
22395766,"ТзОВ ""Львівський центр по розвитку та захисту господарських формувань""",4610137200,/0324564172,4610137200,715.532,8.7716,0.0196,1.22,0.0,7.532
00291109,"ПрАТ ""Дрогобицьке заводоуправління будівельних матеріалів""","82100, Львівська обл., м. Дрогобич, вул. Трускавецька, 73",dzubm@ukr.net/0324431505,4610600000,715.532,8.7716,0.0196,1.22,0.0,7.532
20810310,"ТзОВ ""ФАРМА ЛАЙФ""","79040, м. Львів, вул. Д. Апостола, 2",/0000000,4610136300,713.6640000000001,149.029,0.08499999999999999,0.28,0.0,148.664
30028600,"ТзОВ ""Дунапак-Україна""","81500, Львівська обл., Жидачівський р-н., м. ГХодорів, вул. Стрілецька, 11",/0322901640,4621510500,706.224,58.709999999999994,0.09,0.396,0.0,58.22399999999999
35413749,"ТзОВ ""Енергія-Тепловодосервіс""","81052, Львівська обл., Яворівський р-н., с. Старичі, вул. Шевченка, 23",/0325642063,4625888501,701.3079,158.8949,0.0,1.087,0.0,157.80790000000002
31803425,"ДП ""Львівський дорсервіс"" ВАТ ""ДАК ""Автомобільні дороги України""","81440, Львівська обл., Самбірський р-н., м. Рудки, вул. Самбірська, 21",/0323699165,4624210400,694.0060000000001,20.305999999999997,0.0,0.92,4.38,15.006
32713212,"ДП ""Фарматрейд""","82100, Львівська обл., м. Дрогобич, вул. Самбірська, 85",/0324439994,4610600000,688.5699999999999,18.704,0.134,0.0,0.0,18.57
20804083,"ПрАТ ""Воютицький цегельний завод""","81453, Львівська обл., Самбірський р-н., с. Воютичі, вул. Шкільна, 10А",/0323641325,4624282200,687.6,687.6,0.0,0.0,0.0,687.6
30650679,"ТзОВ ""Завод Електронпобутприлад""","79038, м. Львів, вул. Зелена, 251",office@epp.eletron.ua/2704141,4610136800,684.4079999999999,215.26300000000003,0.045,0.4,0.9099999999999999,213.908
38169055,"ТОВ ""Галіція-Трейд""","81500, Львівська обл., Городоцький р-н., м. Городок",a.barniak@tbfruit.com/0323132784,4620910100,683.5,134.42,0.02,0.9,0.0,133.5
40236036,Новокалинівський міський центр первинної медичної (медико-санітарної) допомоги,"81464, Львівська обл., Самбірський р-н., м. Новий Калинів, пл. Авіації, 2",/323622450,4624210300,682.5,82.62,0.12,0.0,0.0,82.5
02777916,"ТзОВ ""Стрийтеплиця""","82464, Львівська обл., Стрийський р-н., с. Станків, вул. Січових Стрільців, 79",striiteplitsya@gmail.com/0503739588,4600000000,681.105,474.02,0.0,0.415,0.0,473.605
19164218,"ВТП ""Автосервіс"" ОПЛ","79034, м. Львів, вул. проф. Буйка, 14",/03222703666,4610136800,680.22,114.69319999999999,0.0732,0.4,0.0,114.22000000000001
13815844,"ТзОВ ""Свитязь""","79022, м. Львів, вул. Городоцька, 174",zorivchak.o@gmail.com/2403993,4610100000,678.282,59.620000000000005,0.1,0.238,0.0,59.282000000000004
00308235,"ТДВ ""ЛВВТП ""Прогрес""","м. Львів, вул. Жовківська, 30",/0322523242,4600000000,672.297,72.417,0.12,0.0,0.0,72.297
30028622,"ТзОВ ""Дунапак-Україна""","81500, Львівська обл., Жидачівський р-н., м. Ходорів, вул. Стрілецька, 11",/067226622,4621510500,672.224,24.71,0.09,0.396,0.0,24.224
22372280,Приватне підприємство’’Майя’’,"81110, Львівська обл., Пустомитівський р-н, с.Зимна Вода, вул. Галицька, 42",borys0@ukr.net/032 244-08-19,4610136300,660.674,660.674,0.0,0.0,0.0,660.674
35563545,"ТОВ ""Употек Україна""","80500, Львівська обл., м. Буськ, вул. Промислова, 6Г",/0326421293,4620610100,659.55,84.89,0.09,0.25,0.0,84.55
13808778,"ТзОВ ""РЕМАВТОТРАНС""","79035, львівська обл., м. Львів, вул. Бузкова, 13",/240-40-56,4610136800,653.28,1.856,0.012,1.1440000000000001,0.42,0.28
20856507,"ТзОВ ""112 Україна""","79060, Львівська обл., м. Львів, вул. Ак. Підстригача, 6",/0503708818,4610136900,651.7,36.4033,0.0033,1.2,0.0,35.2
00309536,ТДВ Самбірська швейна фабрика,"81400 Львівська обл., м.Самбір, вул.Музейна 6.",Uljana_Winjarska@i.ua/0323634389,4610900000,649.73,284.21000000000004,0.027999999999999997,0.45200000000000007,0.0,283.72999999999996
32703911,"ДП ""Юліус Кох Україна""","81600, м. Миколаїв, вул. Львівське Шосе, 3",/03241 51255,4623010100,640.0,40.12,0.12,0.0,0.0,40.0
32234448,"ТОВ ""ЛАМЕЛА""","81050, Львівська обл., Яворівський р-н., с. Новий Яр",office@lamela.com.ua/0322408266,4625884509,634.4,125.15,0.03,0.72,0.0,124.4
39670260,"ТзОВ ""Інсталпласт""","81500, Львівська обл., м. Городок, вул. Біласа, 35",/0323130033,4620910100,631.8,112.462,0.042,0.62,0.0,111.80000000000001
13827764,"ВТП ""Фірма Старт""","81160, Львівська обл., Пустомитівський р-н., смт. Щирець, вул. Вишнева, 21",glassstar@ukr.net/0322614797,4623655500,616.2,37.036,0.036000000000000004,0.8,0.0,36.2
41264153,"АТ ""Українська залізниця"" філія ""Енергоремтранс"" ВП ""Будівельно-монтажний поїзд Стрий""","03680, м. Київ, вул. Тверська, 5",/0324557202,4611200000,615.7760000000001,35.439,0.0,1.163,0.0,34.276
01984292,"КНП ""Пологовий клінічний будинок No1 м. Львова""","79014, м. Львів, вул. Мечнікова, 8",/0322759131,4610137200,614.896,544.7873000000001,0.009300000000000001,0.0,0.48200000000000004,544.296
37792058,Приватне підприємство Гефест Авто,"м.Стрий,вул.Сколівська 9",gefestavto@gmail.com/0967012449,4611200000,612.88,58.967,0.017,0.0,9.57,49.38
14344944,"ТзОВ ""Віденська кава""","79069, м. Львів, вул. Шевченка, 317 А",/0322971046,4610100000,608.4359999999999,106.0365,0.1005,0.0,0.0,105.936
25240691,"ДП ""Стрийлісопродукт"" Фірми ""Лайстенфабрік Арнольд Деппе ГмбХ КО""","82427, Львівська обл., Стрийський р-н., с. Добряни, вул. Стрийська, 3А",/024540062,4625381001,608.38,258.58500000000004,0.055,0.15000000000000002,0.0,258.38
05468067,"ТзДВ ""Галант""","80600, Львівська обл., м. Броди, вул. Золота, 15",/0326627212,4620310100,605.2,599.2012000000001,0.0012,0.0,0.0,599.2
20786681,"ТзОВ Бродівська ""Хлібопекарня ""Колосок""","Львівська обл., м. Броди, вул. Івана Франка, 44",/0673631222,4620310100,604.35,4.470000000000001,0.12,0.0,0.0,4.35
38456790,"ТзОВ ""Гал-Кат""","45008, Волинська обл., м. Ковель, вул. М. Левицького, 75А/3",galkat@galkat.com/0322995006,4610136300,598.4,168.99,0.03,0.56,0.0,168.4
00136863,"ТзДВ ""Бориславський експериментальний ливарно-механічний завод""","82300, Львівська обл., м. Борислав, пров. Губицький, 1",info.belmz@gmail.com/067-160-66-69,4610300000,597.8,413.00800000000004,0.018000000000000002,0.19,0.0,412.8
32789874,"ТОВ ""Західно-український гольф та кантрі клуб""","81080, Львівська обл., Яворівський р-н., с. Лозино, вул. Рівці, 10",/0676743701,4625885201,596.62,15.91,0.06,0.0,5.73,10.120000000000001
22362867,"ПП ""НВПП ""Спаринг-Віст Центр""","79026, м. Львів, вул. В. Великого, 33",/0322423391,4610136900,594.252,13.568000000000001,0.096,0.2,0.02,13.252
23976347,"ПАТ ""Стрийський хлібокомбінат""","82462, Львівська обл., Стрийський р-н., с. Слобітка, вул. Колеси, 4",/024553252,4625384605,592.59,235.355,0.05,0.21500000000000002,0.0,235.08999999999997
37041524,"ТзОВ ""Ніко Захід Преміум""","79019, м. Львів, вул. Липинського, 50 Б",/2989551,4610100000,591.229,57.010999999999996,0.032,0.75,0.0,56.229
37136301,"ТзОВ ""Світанок Ойл Трейд""","80316, Львівська обл., Жовківський р-н., м. Рава-Руська, вул. Лугова, 27",/0 800 309 077,4622710400,580.0,30.56,0.06,0.5,0.0,30.0
35749278,"Приватне підприємство ""Дан Авто""","81054,Львівська обл, Яворівський р-н, м. Новояворівськ, вул. С.Бандери ,23",dan_avto@ukr.net/0975030193,4625810500,579.5,20.62,0.0,1.1199999999999999,0.0,19.5
01996651,"КНП ""4-а міська клінічна лікарня м. Львова""","79005, м. Львів, вул. Стецька, 3",/0322602103,4610136600,575.8720000000001,216.079,0.057,0.15000000000000002,0.0,215.872
01554278,"ПАТ ""Львівський Елегант""","79035 м. Львів ву3л. Зелена, 147",lvivelegant@ukr.net/(032)2700030,4610136800,570.2,330.248,0.048,0.0,0.0,330.2
22393997,"Приватна фірма ""Білаки""","81460, Львівська обл., Самбірський р-н., с. Стрілковичі, вул. Нова, 6",/067 737 7408,4624287901,561.9,158.2306,0.0006,0.8,0.03,157.4
38667298,"ТзОВ ""Крассула-Д""","81555, Львівська обл., Городоцький р-н., смт. Великий Любінь",galja_d@ukr.net/0679864226,4620955300,558.5440000000001,558.5440000000001,0.0,0.0,0.0,558.5440000000001
22700071,МКП Новояворівськводоканал,"Львівська обл., Яворівський р-н., м. Новояворівськ, вул. Пасічника, 1",nvoda@ukr.net/032-256-40282,4625810500,550.1,0.6599999999999999,0.06,0.5,0.0,0.1
22400071,МКП Новояворівськводоканал,"Львівська обл., Яворівський р-н., м. Новояворівськ, вул. Пасічника, 1",nvoda@ukr.net/032-256-40282,4625810500,550.1,0.6599999999999999,0.06,0.5,0.0,0.1
35382784,"ТзОВ ""Балтом Україна""","79040, м. Львів, Залізничний р-н., вул. Городоцька, 367а",/0322950736,4610136300,542.344,1.428,0.0,1.084,0.0,0.344
20815193,"ПП ""СтеПТер""","79495, м. Львів-Винники, вул. Шептицького, 29",/0322960008,4610160300,513.76,108.84100000000001,0.081,0.0,0.0,108.75999999999999
23956161,"СП ТзОВ ""ПЛАСТРЕСУРС""","Північна,1А",peiruna@gmail.com/0672682615,4610100000,513.4,12.4004,0.0004,1.0,0.0,11.4
32704124,"ТзОВ ""СОФАС""","80040, Львівська обл., Сокальський р-н., смт. Жвирка, вул. Лесі Українки, 32",/032-57-46-99,4624855300,502.4242,52.5142,0.09,0.0,0.0,52.4242
25240870,"ВП ""Стрийські магістральні електричні мережі"" ДП НЕК ""Укренерго""","82400, м.Стрий, вул.Я.Купала,8",we=st-kanc@ua.energy/245 5-46-02,4611200000,500.39199999999994,130.90519999999998,0.0252,0.488,0.0,130.392
22372966,Товариство з обмеженою відповідальністю «АВКФ Інтерсервіс»,"79024, Україна, м.Львів, вул.Богданівська, 42",borys0@ukr.net/+380678500323,4610137200,496.345,56.43300000000001,0.08799999999999998,0.0,0.0,56.34499999999999
08563978,"ДУ ""Львівська установа виконання покарань (No19)""","79007, м. Львів, вул. Городоцька No20",/0322613392,4610136600,496.0,496.0,0.0,0.0,0.0,496.0
00291115,"ТзДВ ""Пустомитівське заводоуправління вапнових заводів""","81100, Львівська обл., м. Пустомити, вул. Привокзальна, 25",/(032)3041381,4623610100,493.884,2.8653,0.0003,0.981,0.0,1.884
33617546,"КЗ ЛОР ""Львівський обласний центр громадського здоров'я""","79008, м. Львів, вул. Лисенка, 45",/0322751923,4610137200,490.63599999999997,55.723,0.087,0.0,0.0,55.635999999999996
20845840,"МКП ""Сокальводоканал""","80001, Львівська обл., м. Сокаль, вул. Героїв УПА, 23",sokalvod@meta.ua/0325773726,4624810100,486.0350000000001,90.49099999999999,0.035,0.428,0.14300000000000002,89.885
28198154,ФОП Щуйко Маріанна Романівна,"79066, м. Львів, вул. Кавалерідзе, 9/20",/0975418540,4610137200,480.4,100.998,0.018000000000000002,0.58,0.0,100.4
37135973,"ТзОВ ""Стрийінвест""","82420, Львівська обл., м. Стрий, вул. Бачинської, 4/71",/024544505,4611200000,477.14,62.61000000000001,0.04,0.43000000000000005,0.0,62.14
33465360,"ТзОВ ""Великолюбінське""","815550, Львівська обл., Городоцький р-н., смт. Великий Любінь, вул. Львівська, 192 Ж",velykoliubinske@ukr.net/0323154478,4600000000,476.755,476.755,0.0,0.0,0.0,476.755
03348962,"ЛКП ""Шляхово-ремонтне підприємство Залізничного району""","79018, м. Львів, вул. Стороженка, 11",/0322330122,4610136300,474.7,7.2621,0.0021,0.9,0.16,6.2
35217535,"ТзОВ ""Термопласт Плюс""","82160, Львівська обл., Дрогобицький р-н., смт. Меденичі, вул. Дрогобицька, 11",/0324470333,4621255400,473.0,473.0,0.0,0.0,0.0,473.0
33506244,"Фермерське Господарство ""Птиця""","81712, Львівська обл., Жидачівський р-н., с. Репехів, вул. Квітнева, 2",/0322453667,4621580305,468.6,333.62699999999995,0.027,0.0,0.0,333.6
22344556,"ТзОВ ""Озон""","81500, Львівська обл., м. Городок, вул. Комарнівська, 66",/0323130779,4620910100,465.7,1.171,0.051,0.42,0.0,0.7
02470371,"ПрАТ ""Львівська фабрика паперово-білових виробів ""Бібльос""","79013, м. Львів, вул. Японська, 7",admin@biblios.com.ua/(032)235-07-10,4610136900,464.6,244.64399999999998,0.044,0.0,0.0,244.60000000000002
38201381,"ТзОВ ""Біотермал""","80100, Львівська обл., м. Червоноград, вул. Львівська, 36",/0975839262,4611800000,463.0,463.0,0.0,0.0,0.0,463.0
31417252,"ПП ""Галм'ясо""",462128240,galmyaso@ukr.net/0976108451,4621284000,456.035,371.052,0.017,0.0,0.0,371.035
03114773,"ТзДВ ""Червоноградське АТП-14628""","80100, Львівська обл., м. Червоноград, вул. Св. Володимира, 113",/0324923012,4611800000,453.6,42.006,0.006,0.75,0.15,41.1
23889527,"ПП ""Лата""","81151, Львівська обл., Пустомитівський р-н., с. Давидів, вул. Львівсбка, 2А",lata.net.ua@gmail.com/032-243-91-43,4623682401,452.911,452.911,0.0,0.0,0.0,452.911
31417137,"ТОВ ""ТРАК СЕРВІС ЛЬВІВ""","81551, Львівська обл., Городоцький р-н., с. Воля Бартатівська, вул. Львівська, 33",/0323132971,4620980803,452.24,2.33,0.09,0.0,0.0,2.24
32409457,"ТзОВ ""ГАЛІНДУСТРІЯ""","79035, м. Львів, вул. Земельна, 22",/0000000,4610137500,450.828,60.906000000000006,0.07800000000000001,0.0,0.0,60.828
33665762,"ПП автоцентр ""Ера""","79019, м. Львів, вул. Липинського, 36",/0322444900,4610137500,450.03099999999995,43.8255,0.0445,0.0,3.75,40.031
22411887,"ТзОВ ""Олмар""",м. Львів вул. Зелена 204,office@olmar.net.ua/240-51-61,4610136800,439.4,25.203,0.003,0.8,0.0,24.4
30909779,"Спільне українсько-польське підприємство ТзОВ ""ЯЦ-БОЛ""","81013, Львівська обл., Яворівський р-н., смт. немирів, вул. Магерівська, 260",/0000000,4625855900,423.90999999999997,23.990000000000002,0.08000000000000002,0.0,0.0,23.91
33465198,"Комунальне підприємство"" Радехівське міське водоканалізаційне господарство""","м.Радехів Львівська область проспект Відродження,4 80200",kpradekhiv@ukr.net/(03255)4-10-51,4623910100,423.00999999999993,3.85,0.0,0.84,0.0,3.01
30706968,"ТзОВ ""ОКС""","79011, м. Львів, вул. Стуса, 27",/0322760598,4610136600,420.0,90.606,0.006,0.6000000000000001,0.0,90.0
38557859,"ТзОВ ""Тандем""","82100, Львівська обл., Дрогобицький р-н., м. Дрогобич, вул. Самбірська, 87",/0324410394,4610600000,415.4,115.46000000000001,0.06,0.0,0.0,115.4
26113144,"ПАТ ""Укртранснафта"" філія УМГ "" Філії ""Магістральні нафтопроводи ""Дружба""","79000, м. Львів, вул. Липинського, 12",msaramaka@druzhba.lviv.ua/032-291-92-36,4610137500,398.0,168.046,0.046,0.0,0.0,168.0
22401751,"КЗ ЛОР ""Навчально-реабілітаційний центр I-III ступенів ""ГАРМОНІЯ""","82300, Львівська обл., м. Борислав, вул. Короленка, 6",bssi@ukr.net/0505989890,4610300000,393.18,93.24000000000001,0.06,0.0,0.0,93.18
13830007,"ПАТ АТП ""Агротранссервіс""","79040, м. Львів, Залізничний р-н., вул. Городоцька, 367а",/0322971518,4610136300,387.23699999999997,28.602,0.014000000000000002,0.5760000000000001,0.025,27.987000000000002
30665382,"ТзОВ ""Добромиль-Яворів""","81051, Львівська обл., Яворівський р-н., с. Новий Яр",/0325640201,4625810500,386.92,84.5667,0.0527,0.0,0.794,83.72
32181428,"ТзОВ ""Бетонбуд""","79040, м. Львів, вул. Городоцька, 242",/0324245299,4610137500,382.7,42.768,0.068,0.0,0.0,42.7
21248100,"ПП ""Нафтотермінал""","79056, м. Львів, вул. Пластова, 1",Mmakara@gng.com.ua/0673408011,4600000000,376.75,59.266999999999996,0.012,0.0,5.255,54.0
03585069,"ТзОВ ""Буський райагробуд""","80500, Львівська обл., Буський р-н., м. Буськ, вул. Січових Стрільців, 1",/0679041394,4620610100,375.425,28.620000000000005,0.0,0.695,0.0,27.925
02968651,"ТзОВ ""Львівський завод нестандартного обладнання""","81110, Львівська обл., Пустомитівський р-н., с. Зимна Вода, вул. Львівська, No3",/0322952739,4623681600,374.4,75.0,0.0,0.6,0.0,74.4
30420704,"ТзОВ ""Торгово-виробнича фірма ""Агроторг""","82424, Львівська обл., Стрийський р-н., с. Угерсько, вул. Сагайдачного, 7",/0324533175,4625388401,370.76,53.2385,0.0175,0.46099999999999997,0.0,52.76
31527168,"ТзОВ ""ДП НОВОКАСА""","79041, м. Львів, вул. Городоцька, 226",/0322441101,4610136300,369.948,369.948,0.0,0.0,0.0,369.948
30648875,"ТзОВ ""Віконт-П""","81085, Львівська обл., Яворівський р-н., с. Рясне-Руське, вул. Паркова, 14",/032 297 09 79,4625887500,364.65,27.317,0.066,0.0,0.151,27.1
37928981,"ТзОВ ""Млинар""","81340, Львівська обл., м. Судова Вишня, вул. Лісозаводська, 5Б",/0322452423,4622410500,360.7,40.763999999999996,0.064,0.0,0.0,40.7
37815169,"ТзОВ ""СПОРТ-ЛІГА""","01014, м. Київ, вул. катерини Білокур, 1/23",sokolovska.yevheniia@sportlife.kiev.ua/0975071947,4610100000,360.6,3.6714,0.07139999999999999,0.0,0.0,3.6
42096080,"ТОВ ""ТБ ПАК""","81500, Львівська обл., Городоцький р-н., м. Городок, вул. Артищівська, буд. 9, корпус 5",/0673388270,4620910000,353.3,53.72,0.02,0.4,0.0,53.3
31818539,"ТОВ ""НЕОМЕД 2007","04123, м. Київ, вул. Западинська, буд. 9-А, оф.12",noemed@ukr.net/0444641672,4610137500,350.086,17.777,0.04,0.0,2.701,15.036000000000001
33010157,"ТзОВ ""ПРОФІЛЬ ПЛАСТ""","Львівська обл., Яворівський р-н., м. Новояворівськ, вул. Мазепи, буд. 12",/0325640973,4625810500,342.4,102.44800000000001,0.048,0.0,0.0,102.4
22369473,"Комерційно-виробнича приватна фірма ""Будекстра""","79069, м. Львів, вул. Брюховицька, 203",budekstra@gmail.com/0322249463,4610137200,342.0,92.5,0.0,0.5,0.0,92.0
03762165,"ПП ""Агро-Прогрес""","80552, Львівська обл., Буський р-н., с. Задвір'я",la74@ua.fm/(0264)41-573,4620682001,341.53,126.96000000000001,0.0,0.43000000000000005,0.0,126.53
22394695,"ТзОВ""Самбірська ГРОД""","Львівська область,місто Самбір,вулиця Шевченка,3",sambirgrod@gmail.com/0970767787,4610900000,340.79999999999995,30.957,0.007,0.54,0.11000000000000001,30.299999999999997
40230521,"ЛФ ТзОВ ""Інститут вертебрології і реабілітації""","м. Львів, вул. Кульпарківська, 99-б",buhlviv@ivr.com.ua/0672080247,4610136800,339.635,99.192,0.0,0.0,4.907,94.285
34659519,"ТзОВ ""Флора-Вест""","81650, Львівська обл., Миколаївський р-н., смт. Розділ, вул. Промислова, 1",Vest08@meta.ua/0978321964,4623055400,333.15000000000003,295.6575,0.0075,0.0,0.0,295.65000000000003
33272023,"ТзОВ ""Технологічно-експериментальний завод""","81100, Львівська обл., м. Пустомити, вул. Глинські, 54",vkuchvara@i.ua/0676736839,4623610100,330.019,6.0838,0.0648,0.0,0.0,6.019
13820029,"ТОВ НВП ""Корпорація КРТ""","81500, Львівська обл., Городоцький р-н., м. Городок, вул. Комарнівська, 66/11",spc@krt.co.ua/0322950208,4623610100,319.8,111.03000000000002,0.03,0.0,1.2,109.80000000000001
09805171,"Філія АТ ""Укрексімбанк"" у м. Львові","79000, м. Львів, пл. Міцкевича, 4",tdubovyy@lv.eximb.com/0322403515,4620310100,317.36,17.419999999999998,0.06,0.0,0.0,17.36
32300010,"ТзОВ ""Бистриця-Керамік""","82100, м. Дрогобич, вул. Зарічна, 34",bystrycial@ukr.net/0985777364,4610600000,310.4,290.44000000000005,0.0,0.04,0.0,290.4
22344562,"ТзОВ ""Фабрика Іграшок""","81562, Львівська обл., Городоцький р-н., м. Комарно, вул. Діброва",komaryk@mail.lviv.ua/0322354944,4620910400,310.0,70.048,0.048,0.0,0.0,70.0
19164221,"ВТП ""Автосервіс"" ОПЛ","79034, м. Львів, вул. проф. Буйка, 14",/03222703666,4610136800,306.78,57.01,0.03,0.2,0.0,56.78
14372355,"ТзОВ ""Оріх""","79032, Львівська обл., м. львів, вул.Пасічна, буд. 51, кв. 14",/0503155443,4622155600,303.1,3.16,0.06,0.0,0.0,3.1
35227700,"ТзОВ ""ППА""","79013, м. Львів, вул. Степана Бандери, 6/1",v.hamkalo@gmail.com/0322940620,4610136600,292.79999999999995,15.355499999999997,0.05550000000000001,0.0,0.0,15.299999999999997
33429262,"ТзОВ ""Фортуна-Захід-М""","80100, Львівська обл., м. Червоноград, вул. Радехівська, 4",/0934855160,4611800000,292.42,292.42,0.0,0.0,0.0,292.42
34754711,"ПП ""Капітальне Будівництво і ремонт""","81052, Львівська обл., Яворівський р-н., с. Старичі, с. Вербляни",/00000000,4625888501,283.06,133.36,0.0,0.3,0.0,133.06
32053671,"ТзОВ ""ЗАХІДНО УКРАЇНСЬКИЙ АВТОМОБІЛЬНИЙ ДІМ""","79054, Львівська обл., м. Львів, вул. Садова, 13/16",/0322511470,4610136300,282.3,25.45,0.0,0.5,0.15,24.8
22354477,ТзОВ*Підприємство*Техно-Сервіс*,80300 м.Жовква вул.Вокзальна 12,techno7service@ukr.net/0677076017,4622710100,277.70000000000005,277.70000000000005,0.0,0.0,0.0,277.70000000000005
05445563,"Комунальне підприємство ""Дрогобичтеплоенерго"" дрогобицької міської ради","82100, Львівська область, м. Дрогобич, вул. Індустріальна,1А",drogobych.teplo@gmail.com/0324427212,4610600000,277.47,17.881999999999998,0.012,0.4,0.0,17.47
13801109,"ПрАТ ""КОНЦЕРН-ЕЛЕКТРОН""","79007, м. Львів, вул. Стороженка, 32",/0322395586,4610136300,273.5,3.554,0.054,0.0,0.0,3.5
32562459,"ПП ""ВО""","Львівська обл., м. Буськ, вул. Львівська, 73",/0980436347,4620610100,271.28000000000003,18.6456,0.0156,0.35,0.0,18.28
33665597,"ТОВ ""ІБР""","81076, Львівська обл., Яворівський р-н., с. Поріччя, вул. Тараса Шевченка, 13А",/0322443083,4625886401,266.44,41.485,0.045,0.0,0.0,41.44
32092375,"ТзОВ ""Богатир""","80074, Львівська обл., Сокальський р-н., м. Великі Мости, вул. Сагайдачного, 33",/0503716071,4624810600,266.2,6.792,0.012,0.38,0.2,6.2
35816223,"Фермерське господарство ""Кимир""","81240,Львівська обл.Перемишлянський р-н.с.Кимир",olga_baran@ukr.net/0974100056,4623388002,257.0,257.0,0.0,0.0,0.0,257.0
31616100,"КП ""Червонограджитлокомунсервіс""","80100, Львівська обл., м. Червоноград, вул. Шевська, буд. 1а",/0324932359,4611800000,255.822,12.309999999999999,0.0,0.488,0.0,11.822
37309203,"ТзОВ ""ХЕЛС МАСТЕР""","82482, Львівська обл., м. Моршин, вул. Паркова, 2",/00000000,4610700000,250.95,175.965,0.015,0.0,0.0,175.95
32126739,"ТзОВ НВП ""Техноваги""","79066, м. Львів, вул. Надійна, буд. 3",waga.ing@gmail.com/38(032)2451919,4610136800,245.186,130.209,0.023,0.0,0.0,130.186
14331367,"ТзОВ ""Компанія ""Грифон""","79005, м. Львів, пл. Шевченка, 5",/0322954782,4610136600,238.296,238.296,0.0,0.0,0.0,238.296
35546100,"ТзОВ ""Бетоніка""","81053, Львівська обл., Яворівський р-н., м. Новояворівськ, вул. Привокзальна, 8",/0975418540,4625810500,234.8095,0.893,0.015,0.3185,0.0,0.5595
33458704,"ТзОВ ""Стрийбудмонтаж""","82434, Львівська обл., Стрийський р-н., с. Дуліби, вул. Шевченка, 133",/024554766,4625382001,229.92000000000002,133.15,0.0,0.19,0.04,132.92000000000002
38991462,"ТзОВ ""Скомекс-Україна""",Львівська обл. Сокальський р-н с.Перетоки вул.Шевченка 86А,skomex@ukr.net/0676752057,4624886802,225.912,12.694600000000001,0.0066,0.316,0.45999999999999996,11.911999999999999
16164262,"ТзОВ ""Данута""","Львівська обл., Жовківський р-н., м. Жовква, вул. Л. Українки, 77",danuta2009@ukr.net/0322589320,4622710100,225.122,0.5720000000000001,0.0,0.45,0.0,0.122
20814288,"ТзОВ ""Пансіонат Славський""","82660, Львівська обл., Сколівський р-н., смт. Славсько, вул. Устияновича, 35",info@slavsk.com.ua/032-5142446,4624555700,223.0,178.00900000000001,0.009000000000000001,0.0,0.0,178.0
22401745,"КЗ ЛОР ""Бориславська загальноосвітня санаторна школа-інтернат I-III""","82300, Львівська обл., м. Борислав, вул. Коновальця, 2",/0679671481,4610000000,213.0,213.0,0.0,0.0,0.0,213.0
22936155,ФОП Палій С.Д.,"80083, Львівська обл., Яворівський р-н., с. Домажир, вул. Солуківська, 1-А",/0967440649,4625883601,210.0,210.0,0.0,0.0,0.0,210.0
40957001,"ТзОВ ""Некст Левел Пласт""","80040, Львівська обл., Сокальський р-н., смт. Жвирка, вул. Львівська,1",/8025774420,4624855300,202.198,4.9670000000000005,0.014,0.255,0.0,4.698
01996622,охорона здоровя,"м.Львів, вул.Ужгородська,1",lubov.petruk@ukr.net/0687870908,4610136600,193.091,193.091,0.0,0.0,0.0,193.091
13808809,"Мале приватне підприємство - фірма ""Тріал""","м. Львів, вул. О. Олеся, 20 кв. 2",/0506651970,4610137200,190.786,70.81,0.024,0.0,0.0,70.786
08563918,"Державна установа ""Дрогобицька виправна колонія (No40)""","82100, місто Дрогобич, вулиця Трускавецька, 77",dvk40@ukr.net/(03244)21125,4610600000,190.70200000000003,128.8044,0.0024,0.1,0.0,128.702
30274892,"СУП ТзОВ ""Термобуд""","81023, Львівська обл., Яворівський р-н., с. Новий Яр",/0325640377,4610137200,190.15,5.8260000000000005,0.016,0.16,0.5,5.15
32993113,"ПП ""Маріте""","80300, Львівська обл., м. Жовква, вул. Л. Українки, 132",mtextilem@gmail.com/(032) 615-67,4622710100,190.0,40.03,0.03,0.0,0.0,40.0
22380463,"ТзОВ ""ПОЛІ ПАК""","81132, Львівська обл., Пустомитівський р-н., с. Малечковичі, вул. Б. Хмельницького, 13",/0322458441,4623686400,183.6,123.612,0.012,0.0,0.0,123.6
13796801,"ТзОВ ""Лінда""","м. Львів, вул. Миколайчука, 24",/2943615,4610137500,181.12199999999999,1.981,0.0,0.359,0.0,1.6219999999999999
37349225,"ТзОВ ""Надрагідробурмаш""","82100, Львівська обл., м. Дрогобич, вул. Бориславська, 82/1",tolubaiev@ngbm.com.ua/0999706121,4610600000,178.2665,22.0795,0.0,0.313,0.0,21.7665
2520334856,ФОП Турчин В.В.,"82427, Львівська обл., Стрийський р-н., с. Добряни, вул. Набережна, 1",/0000000,4625380601,173.58,48.605,0.025,0.0,0.0,48.58
35630511,"ТзОВ ""Компанія ""Політрек""","82400, м. Стрий, вул. Ю. Липи, 6",/03245 4 91 20,4611200000,170.25,5.445,0.015,0.18,0.0,5.25
30618279,"ТОВ ""Європласт""","81050, Львівська обл., Яворівський р-н., смт. Шкло, вул. Сагайдачного, 52",/0322677754,4625856500,161.25,3.7815,0.0315,0.0,0.0,3.75
05460309,"ТзОВ ТВФ ""Ремонтник""","790019 м. Львів, вул. Жовківська,15",ketv700125@rambler.ru/2529071,4610137500,158.416,8.446,0.03,0.0,0.0,8.416
37775781,"ТзОВ ""Медіа Дісплей Продакшн""","79037, Львівська обл., м. Львів, вул. Б. Хмельницького, 212",est_ua@ukr.net/032-244-24-04,4610137200,156.839,38.362700000000004,0.0237,0.0,0.0,38.339
20826363,"ЛКП ""Богданівка""","79054, м. Львів, вул. Гірника, 1а",/(032)292-34-94,4610136300,150.0,0.03,0.03,0.0,0.0,0.0
35621224,"ТзОВ ""Європет""","79056, м. Львів, вул. Гайдучка, 5",/(032)294-86-97,4620000000,148.12,8.399999999999999,0.0,0.28,0.0,8.12
25236666,"ТзОВ ""Львівморепродукти""","79035 м. Львів вул Липова Алея, 5",lmpr.lviv@gmail.com/0322422941,4610137200,147.72,76.7342,0.0142,0.0,0.0,76.72
22356022,"КП ""Жовкватеплоенерго""","80300, Львівська обл., м. Жовква, вул. Лесі Українки, 5",kp_@ukr.net/(03252)21184,4622710100,145.94,3.2206,0.0006,0.28,0.0,2.94
20763941,Рава-Руська районна лікарня Львівської області,"80316, Львівська обл., Жовківський р-н., м. Рава-Руська, вул. Грушевського, 120",ravamed@rambler.ru/00000000,4622710400,145.17600000000004,30.270999999999997,0.015,0.08,0.0,30.176
22339868,"ТзОВ ""Виробничо-комерційна фірма ""ПЛІТ""","79069, м. Львів, вул. Шевченка, 313",/(032) 240-44-2,4610137500,143.0,23.024,0.024,0.0,0.0,23.0
36535608,"ТзОВ ""Фабрика дверей ""Гранд""","80100, Львівська обл., м. Червоноград, пр. Шевченка, 16А",/0322949699,4611800000,133.5,133.5,0.0,0.0,0.0,133.5
20851881,"КЗ ЛОР ""Львівське обласне патологоанатомічне бюро""","79010, м. Львів, Личаківський р-н., вул. Пекарська, буд. 52",lopab@ukr.net/0322755497,4610137200,131.28,12.518,0.0,0.23800000000000002,0.0,12.28
23270759,"Спільне українсько-польське підприємство ТзОВ ""Етрус""","80381, м. Дубляни, вул. Львівська, 11, Жовківський р-н., Львівська обл.",etrus@ukr.net/(032)2941630,4622700000,129.702,4.862,0.01,0.15,0.0,4.702
30163187,"ПП ""Перфект-Дент""","79068, м. Львів, вул. Сеньковича, 37",/0322750749,4610136600,121.13149999999999,26.4341,0.0,0.0,1.9325999999999999,24.5015
30863609,"Споживче Товариство ""КАПЕЛЬКА""","80560, Львівська обл., Буський р-н., смт. Красне, вул. І. Франка, 83",/0322949765,4620655300,116.2,116.2,0.0,0.0,0.0,116.2
31677100,"Дочірнє підприємство ""Водоканал""","вул.Стуса,2, м.Ходорів,Львівська область, 81750",dpvodokanal@gmail.com/(03239) 53-8-3,4621510500,114.5,29.67,0.0,0.16999999999999998,0.0,29.5
25561685,"ПП ""ВЛАДАР""","81070, Львівська обл., Яворівський р-н., Івано-Франкове, вул. Великопільська, 7",/(03259)3-32-71,4625855300,114.3,9.402000000000001,0.012,0.09,0.0,9.3
20774293,"ТзОВ ""КРАПЕТ""лтд""","81127, Львівська обл., Пустомитівський р-н., с. Підбірці, вул. Технічна, 4",/0322948692,4623683802,111.174,111.174,0.0,0.0,0.0,111.174
31658774,"ТзОВ ""Горислав-авто""","м. Львів, вул. Пасічна, 125г",/0322425051,4620000000,110.4,10.6,0.0,0.2,0.0,10.4
20844622,"ТзОВ ""Маст""","79004, м. Львів, вул. Пекарська, буд. 13, кв. 7",/0322444454,4610137200,106.23100000000001,1.662,0.0,0.131,0.8,0.731
32282753,"ДП ""ДГ Львівської дослідної станції ІРГ НААНУ""","81555, Львівська обл., Городоцький р-н., смт. Великий Любінь, вул. Львівська, 11",/0676764757,4620955300,103.64,8.536,0.0,0.19,0.006,8.34
36856141,"ТОВАРИСТВО З ОБМЕЖЕНОЮ ВІДПОВІДАЛЬНІСТЮ ""КОНТАНГО ТРЕЙД""","03680, м.Київ, вул.Горького, 172, оф.517",office@contangotrade.com/+380445900065,4622410500,102.12200000000001,6.750000000000001,0.018000000000000002,0.0,0.11,6.622000000000001
37831243,"ТзОВ ""Тайм енд Спейс""","82400, Львівська обл., м. Стрий, вул. Сколівська, 9А",/0324539122,4611200000,101.66,16.785,0.005,0.12,0.0,16.66
31804345,"ДП ""Боднарівка"" Львівського комунального підприємства ""Зелений Львів""","79041, м. Львів, вул. Окружна, 56",bobnarivkaeko@gmail.com/0322384046,4610136900,100.4,100.4,0.0,0.0,0.0,100.4
2682804576,ФОП Шоробура Р.Б.,"82400, Львівська обл., м. Стрий, вул. Добрівлянська, 66а/6",/0000000,4600000000,90.34800000000001,90.34800000000001,0.0,0.0,0.0,90.34800000000001
2914402425,ФОП Ляшкевич Н.Р.,"82435, Львівська обл., Стрийський р-н., с. Грабовець, вул. Лопатинського, 141",/0000000,4625380601,90.34800000000001,90.34800000000001,0.0,0.0,0.0,90.34800000000001
3378203397,ФОП Душновський А.І.,"82470, львівська обл., Стрийський р-н., с. Жулин, вул. Стрийська, 11",/0000000,4625382401,90.34800000000001,90.34800000000001,0.0,0.0,0.0,90.34800000000001
01284761,"ТДВ ""Львівський експериментальний механічний завод""","79035, Львівська обл., м. Львів, вул. Жасминова, 5",/270-55-30,4610137200,87.15,10.731000000000002,0.011000000000000001,0.04,0.03,10.65
2494519120,ФОП Кужелєва Ж.І.,"82400, Львівська обл., м. Стрий, вул. Шевченка, 99/5",/0000000,4600000000,84.39699999999999,84.39699999999999,0.0,0.0,0.0,84.39699999999999
23957835,Комунальна 5-та міська клінічна поліклініка м. Львова,"79022, м. Львів, вул. Виговського, 32",5kmtuozlviv@ukr.net/032-262-72-07,4610136300,81.74100000000001,31.751,0.01,0.0,0.0,31.741
25203348,ФОП Турчин Володимир Володимирович,"82435, Львівська обл., Стрийський р-н., с. Грабовець, вул. Лопатинського, 141",/2332211,4625380601,76.0,26.01,0.01,0.0,0.0,26.0
38325844,"ТзОВ ""Грін Форест Юкрейн""","79053, м. Львів, вул. В. Великого, 16",greeforest.12@ukr.net/032-241-70-93,4610136900,75.0,0.015,0.015,0.0,0.0,0.0
32469516,"ТОВ ""Карпат-ЕКО","02090 м. Київ, бульв. Ярослава Гашека, буд. 18, офіс. 3",tovkarpateco@gmail.com/0684294155,4610300000,64.0,14.01,0.01,0.0,0.0,14.0
23952750,"Виробничо-торгівельне приватне підприємство ""Стиль""","82435, Львівська обл., Стрийський р-н., с. Грабовець, вул. Лопатинського, 141",/0000000,4625380601,61.195,61.195,0.0,0.0,0.0,61.195
34711238,"ТзОВ ""ЕТІСОФТ-УКРАЇНА""","79040, Львівська обл., м. Львів, вул. Патона, буд. 22",quality.oks@etisoft.com.ua/0322459782,4620910100,61.115,5.391,0.011,0.0,0.015,5.365
38208675,"ТОВ ""Компанія ""ФАВОРБУД""","79069, м. Львів, вул. Шевченка, 313",director@favorbud.com.ua/0676750897,4610100000,59.82,14.829,0.009000000000000001,0.0,0.0,14.82
27472231,ФОП Баб'як Тетяна Богданівна,"81132, Львівська обл., Пустомитівський р-н., с. Малечковичі, вул. Елітна, 29",/0975418540,4610136800,53.0,8.009,0.009000000000000001,0.0,0.0,8.0
